2025-08-28 06:59:42,979 - Knowledge - INFO - Redis support added with prefix knowledge:b6273fu:
2025-08-28 06:59:43,175 - Knowledge - INFO - load persisted knowledge: begin
2025-08-28 06:59:43,181 - Knowledge - INFO - load persisted knowledge: end
2025-08-28 06:59:43,181 - Knowledge - INFO - load persisted docinfo: begin
2025-08-28 06:59:43,183 - Knowledge - INFO - load persisted docinfo: end
2025-08-28 06:59:43,222 - Knowledge - INFO - worker kw1 created with dedicated MongoDB connection (total: 1)
2025-08-28 06:59:43,222 - Knowledge - INFO - knowledge worker kw1 start
2025-08-28 06:59:43,226 - Knowledge - INFO - worker kw1 pull /app/data/b2c/12661/b6273fu/rialto-ocdm-12661/scripts/cpplint/cpplint.py from ingest queue
2025-08-28 06:59:43,229 - Knowledge - INFO - worker kw2 created with dedicated MongoDB connection (total: 2)
2025-08-28 06:59:43,230 - Knowledge - INFO - knowledge worker kw2 start
2025-08-28 06:59:43,231 - Knowledge - INFO - worker kw3 created with dedicated MongoDB connection (total: 3)
2025-08-28 06:59:43,232 - Knowledge - INFO - knowledge worker kw3 start
2025-08-28 06:59:43,233 - Knowledge - INFO - worker kw3 pull /app/data/b2c/12661/b6273fu/rialto-ocdm-12661/scripts/clang-format/process_clang-format_errors.py from ingest queue
2025-08-28 06:59:43,235 - Knowledge - INFO - worker kw2 pull /app/data/b2c/12661/b6273fu/rialto-ocdm-12661/scripts/valgrind/process_valgrind_results.py from ingest queue
2025-08-28 06:59:43,236 - Knowledge - INFO - worker kw4 created with dedicated MongoDB connection (total: 4)
2025-08-28 06:59:43,237 - Knowledge - INFO - knowledge worker kw4 start
2025-08-28 06:59:43,243 - Knowledge - INFO - worker kw5 created with dedicated MongoDB connection (total: 5)
2025-08-28 06:59:43,244 - Knowledge - INFO - knowledge worker kw5 start
2025-08-28 06:59:43,245 - Knowledge - INFO - worker kw5 pull /app/data/b2c/12661/b6273fu/rialto-ocdm-12661/TERMS.md from ingest queue
2025-08-28 06:59:43,247 - Knowledge - INFO - worker kw6 created with dedicated MongoDB connection (total: 6)
2025-08-28 06:59:43,248 - Knowledge - INFO - knowledge worker kw6 start
2025-08-28 06:59:43,251 - Knowledge - INFO - worker kw7 created with dedicated MongoDB connection (total: 7)
2025-08-28 06:59:43,252 - Knowledge - INFO - knowledge worker kw7 start
2025-08-28 06:59:43,255 - Knowledge - INFO - worker kw8 created with dedicated MongoDB connection (total: 8)
2025-08-28 06:59:43,257 - Knowledge - INFO - knowledge worker kw8 start
2025-08-28 06:59:43,277 - Knowledge - INFO - worker kw4 pull /app/data/b2c/12661/b6273fu/rialto-ocdm-12661/CMakeLists.txt from ingest queue
2025-08-28 06:59:43,280 - Knowledge - INFO - worker kw7 pull /app/data/b2c/12661/b6273fu/rialto-ocdm-12661/cmake/googletest.cmake from ingest queue
2025-08-28 06:59:43,293 - Knowledge - INFO - worker kw8 pull /app/data/b2c/12661/b6273fu/rialto-ocdm-12661/cmake/FindRialto.cmake from ingest queue
2025-08-28 06:59:43,303 - Knowledge - INFO - worker kw6 pull /app/data/b2c/12661/b6273fu/rialto-ocdm-12661/docs/index.html from ingest queue
2025-08-28 06:59:43,324 - Knowledge - INFO - worker kw9 created with dedicated MongoDB connection (total: 9)
2025-08-28 06:59:43,324 - Knowledge - INFO - knowledge worker kw9 start
2025-08-28 06:59:43,325 - Knowledge - INFO - worker kw9 pull /app/data/b2c/12661/b6273fu/rialto-ocdm-12661/library/include/OpenCDMSession.h from ingest queue
2025-08-28 06:59:43,331 - Knowledge - INFO - worker kw10 created with dedicated MongoDB connection (total: 10)
2025-08-28 06:59:43,334 - Knowledge - INFO - knowledge worker kw10 start
2025-08-28 06:59:43,341 - Knowledge - INFO - worker kw10 pull /app/data/b2c/12661/b6273fu/rialto-ocdm-12661/library/include/MediaKeysCapabilitiesBackend.h from ingest queue
2025-08-28 06:59:43,374 - Knowledge - INFO - process ingested knowledge for /app/data/b2c/12661/b6273fu/rialto-ocdm-12661/scripts/cpplint/cpplint.py
2025-08-28 06:59:43,380 - Knowledge - INFO - worker kw11 created with dedicated MongoDB connection (total: 11)
2025-08-28 06:59:43,381 - Knowledge - INFO - knowledge worker kw11 start
2025-08-28 06:59:43,381 - Knowledge - INFO - worker kw11 pull /app/data/b2c/12661/b6273fu/rialto-ocdm-12661/library/include/OpenCDMSystemPrivate.h from ingest queue
2025-08-28 06:59:43,386 - Knowledge - INFO - Found code-base-name: https://github.com/kavia-common/rialto-ocdm-12661.git:kavia-6.0.0-rc1
2025-08-28 06:59:43,386 - Knowledge - INFO - Found code_base: <app.utils.kg_build.knowledge.KnowledgeCodeBase object at 0x7fe350229490>
2025-08-28 06:59:43,387 - Knowledge - INFO - persist ingested knowledge for /app/data/b2c/12661/b6273fu/rialto-ocdm-12661/scripts/cpplint/cpplint.py
2025-08-28 06:59:43,390 - Knowledge - INFO - process ingested knowledge for /app/data/b2c/12661/b6273fu/rialto-ocdm-12661/TERMS.md
2025-08-28 06:59:43,394 - Knowledge - INFO - process ingested knowledge for /app/data/b2c/12661/b6273fu/rialto-ocdm-12661/scripts/clang-format/process_clang-format_errors.py
2025-08-28 06:59:43,395 - Knowledge - INFO - worker kw12 created with dedicated MongoDB connection (total: 12)
2025-08-28 06:59:43,395 - Knowledge - INFO - knowledge worker kw12 start
2025-08-28 06:59:43,397 - Knowledge - INFO - process ingested knowledge for /app/data/b2c/12661/b6273fu/rialto-ocdm-12661/cmake/FindRialto.cmake
2025-08-28 06:59:43,404 - Knowledge - INFO - process ingested knowledge for /app/data/b2c/12661/b6273fu/rialto-ocdm-12661/cmake/googletest.cmake
2025-08-28 06:59:43,405 - Knowledge - INFO - worker kw13 created with dedicated MongoDB connection (total: 13)
2025-08-28 06:59:43,405 - Knowledge - INFO - knowledge worker kw13 start
2025-08-28 06:59:43,408 - Knowledge - INFO - process ingested knowledge for /app/data/b2c/12661/b6273fu/rialto-ocdm-12661/CMakeLists.txt
2025-08-28 06:59:43,412 - Knowledge - INFO - process ingested knowledge for /app/data/b2c/12661/b6273fu/rialto-ocdm-12661/docs/index.html
2025-08-28 06:59:43,468 - Knowledge - INFO - worker kw14 created with dedicated MongoDB connection (total: 14)
2025-08-28 06:59:43,470 - Knowledge - INFO - knowledge worker kw14 start
2025-08-28 06:59:43,473 - Knowledge - INFO - worker kw15 created with dedicated MongoDB connection (total: 15)
2025-08-28 06:59:43,474 - Knowledge - INFO - knowledge worker kw15 start
2025-08-28 06:59:43,477 - Knowledge - INFO - process ingested knowledge for /app/data/b2c/12661/b6273fu/rialto-ocdm-12661/scripts/valgrind/process_valgrind_results.py
2025-08-28 06:59:43,484 - Knowledge - INFO - process ingested knowledge for /app/data/b2c/12661/b6273fu/rialto-ocdm-12661/library/include/OpenCDMSession.h
2025-08-28 06:59:43,495 - Knowledge - INFO - worker kw16 created with dedicated MongoDB connection (total: 16)
2025-08-28 06:59:43,496 - Knowledge - INFO - knowledge worker kw16 start
2025-08-28 06:59:43,498 - Knowledge - INFO - worker kw17 created with dedicated MongoDB connection (total: 17)
2025-08-28 06:59:43,498 - Knowledge - INFO - knowledge worker kw17 start
2025-08-28 06:59:43,510 - Knowledge - INFO - process ingested knowledge for /app/data/b2c/12661/b6273fu/rialto-ocdm-12661/library/include/OpenCDMSystemPrivate.h
2025-08-28 06:59:43,511 - Knowledge - INFO - process ingested knowledge for /app/data/b2c/12661/b6273fu/rialto-ocdm-12661/library/include/MediaKeysCapabilitiesBackend.h
2025-08-28 06:59:43,512 - Knowledge - INFO - worker kw18 created with dedicated MongoDB connection (total: 18)
2025-08-28 06:59:43,512 - Knowledge - INFO - knowledge worker kw18 start
2025-08-28 06:59:43,519 - Knowledge - INFO - worker kw19 created with dedicated MongoDB connection (total: 19)
2025-08-28 06:59:43,520 - Knowledge - INFO - knowledge worker kw19 start
2025-08-28 06:59:43,523 - Knowledge - INFO - worker kw20 created with dedicated MongoDB connection (total: 20)
2025-08-28 06:59:43,523 - Knowledge - INFO - knowledge worker kw20 start
2025-08-28 06:59:43,525 - Knowledge - WARNING - High connection count: 21 connections active
2025-08-28 06:59:43,525 - Knowledge - INFO - worker kw21 created with dedicated MongoDB connection (total: 21)
2025-08-28 06:59:43,525 - Knowledge - INFO - knowledge worker kw21 start
2025-08-28 06:59:43,526 - Knowledge - WARNING - High connection count: 22 connections active
2025-08-28 06:59:43,526 - Knowledge - INFO - worker kw22 created with dedicated MongoDB connection (total: 22)
2025-08-28 06:59:43,527 - Knowledge - INFO - knowledge worker kw22 start
2025-08-28 06:59:43,531 - Knowledge - WARNING - High connection count: 23 connections active
2025-08-28 06:59:43,532 - Knowledge - INFO - worker kw23 created with dedicated MongoDB connection (total: 23)
2025-08-28 06:59:43,532 - Knowledge - INFO - knowledge worker kw23 start
2025-08-28 06:59:43,535 - Knowledge - WARNING - High connection count: 24 connections active
2025-08-28 06:59:43,536 - Knowledge - INFO - worker kw24 created with dedicated MongoDB connection (total: 24)
2025-08-28 06:59:43,536 - Knowledge - INFO - knowledge worker kw24 start
2025-08-28 06:59:43,539 - Knowledge - WARNING - High connection count: 25 connections active
2025-08-28 06:59:43,539 - Knowledge - INFO - worker kw25 created with dedicated MongoDB connection (total: 25)
2025-08-28 06:59:43,540 - Knowledge - INFO - knowledge worker kw25 start
2025-08-28 06:59:43,550 - Knowledge - INFO - adding /app/data/b2c/12661/b6273fu/rialto-ocdm-12661/scripts/cpplint/cpplint.py to ingest queue
2025-08-28 06:59:43,550 - Knowledge - INFO - Found code-base-name: https://github.com/kavia-common/rialto-ocdm-12661.git:kavia-6.0.0-rc1
2025-08-28 06:59:43,550 - Knowledge - INFO - Found code_base: <app.utils.kg_build.knowledge.KnowledgeCodeBase object at 0x7fe350229490>
2025-08-28 06:59:43,550 - Knowledge - INFO - persist ingested knowledge for /app/data/b2c/12661/b6273fu/rialto-ocdm-12661/cmake/FindRialto.cmake
2025-08-28 06:59:43,551 - Knowledge - INFO - worker kw12 pull /app/data/b2c/12661/b6273fu/rialto-ocdm-12661/library/include/MessageDispatcher.h from ingest queue
2025-08-28 06:59:43,551 - Knowledge - INFO - worker kw13 pull /app/data/b2c/12661/b6273fu/rialto-ocdm-12661/library/include/CdmBackend.h from ingest queue
2025-08-28 06:59:43,564 - Knowledge - INFO - Found code-base-name: https://github.com/kavia-common/rialto-ocdm-12661.git:kavia-6.0.0-rc1
2025-08-28 06:59:43,564 - Knowledge - INFO - Found code_base: <app.utils.kg_build.knowledge.KnowledgeCodeBase object at 0x7fe350229490>
2025-08-28 06:59:43,564 - Knowledge - INFO - persist ingested knowledge for /app/data/b2c/12661/b6273fu/rialto-ocdm-12661/TERMS.md
2025-08-28 06:59:43,565 - Knowledge - INFO - Found code-base-name: https://github.com/kavia-common/rialto-ocdm-12661.git:kavia-6.0.0-rc1
2025-08-28 06:59:43,565 - Knowledge - INFO - Found code_base: <app.utils.kg_build.knowledge.KnowledgeCodeBase object at 0x7fe350229490>
2025-08-28 06:59:43,565 - Knowledge - INFO - persist ingested knowledge for /app/data/b2c/12661/b6273fu/rialto-ocdm-12661/CMakeLists.txt
2025-08-28 06:59:43,565 - Knowledge - INFO - Found code-base-name: https://github.com/kavia-common/rialto-ocdm-12661.git:kavia-6.0.0-rc1
2025-08-28 06:59:43,565 - Knowledge - INFO - Found code_base: <app.utils.kg_build.knowledge.KnowledgeCodeBase object at 0x7fe350229490>
2025-08-28 06:59:43,565 - Knowledge - INFO - persist ingested knowledge for /app/data/b2c/12661/b6273fu/rialto-ocdm-12661/docs/index.html
2025-08-28 06:59:43,567 - Knowledge - INFO - Found code-base-name: https://github.com/kavia-common/rialto-ocdm-12661.git:kavia-6.0.0-rc1
2025-08-28 06:59:43,567 - Knowledge - INFO - Found code_base: <app.utils.kg_build.knowledge.KnowledgeCodeBase object at 0x7fe350229490>
2025-08-28 06:59:43,567 - Knowledge - INFO - persist ingested knowledge for /app/data/b2c/12661/b6273fu/rialto-ocdm-12661/cmake/googletest.cmake
2025-08-28 06:59:43,567 - Knowledge - INFO - worker kw14 pull /app/data/b2c/12661/b6273fu/rialto-ocdm-12661/library/include/RialtoGStreamerEMEProtectionMetadata.h from ingest queue
2025-08-28 06:59:43,570 - Knowledge - INFO - worker kw15 pull /app/data/b2c/12661/b6273fu/rialto-ocdm-12661/library/include/Logger.h from ingest queue
2025-08-28 06:59:43,571 - Knowledge - INFO - Found code-base-name: https://github.com/kavia-common/rialto-ocdm-12661.git:kavia-6.0.0-rc1
2025-08-28 06:59:43,571 - Knowledge - INFO - Found code_base: <app.utils.kg_build.knowledge.KnowledgeCodeBase object at 0x7fe350229490>
2025-08-28 06:59:43,571 - Knowledge - INFO - persist ingested knowledge for /app/data/b2c/12661/b6273fu/rialto-ocdm-12661/library/include/OpenCDMSession.h
2025-08-28 06:59:43,571 - Knowledge - INFO - Found code-base-name: https://github.com/kavia-common/rialto-ocdm-12661.git:kavia-6.0.0-rc1
2025-08-28 06:59:43,572 - Knowledge - INFO - Found code_base: <app.utils.kg_build.knowledge.KnowledgeCodeBase object at 0x7fe350229490>
2025-08-28 06:59:43,572 - Knowledge - INFO - persist ingested knowledge for /app/data/b2c/12661/b6273fu/rialto-ocdm-12661/scripts/valgrind/process_valgrind_results.py
2025-08-28 06:59:43,572 - Knowledge - INFO - worker kw16 pull /app/data/b2c/12661/b6273fu/rialto-ocdm-12661/library/include/OpenCDMSystem.h from ingest queue
2025-08-28 06:59:43,573 - Knowledge - INFO - worker kw17 pull /app/data/b2c/12661/b6273fu/rialto-ocdm-12661/library/include/ActiveSessions.h from ingest queue
2025-08-28 06:59:43,574 - Knowledge - INFO - worker kw18 pull /app/data/b2c/12661/b6273fu/rialto-ocdm-12661/library/include/OpenCDMSessionPrivate.h from ingest queue
2025-08-28 06:59:43,574 - Knowledge - INFO - worker kw19 pull /app/data/b2c/12661/b6273fu/rialto-ocdm-12661/library/include/IMessageDispatcher.h from ingest queue
2025-08-28 06:59:43,578 - Knowledge - INFO - Found code-base-name: https://github.com/kavia-common/rialto-ocdm-12661.git:kavia-6.0.0-rc1
2025-08-28 06:59:43,581 - Knowledge - INFO - Found code_base: <app.utils.kg_build.knowledge.KnowledgeCodeBase object at 0x7fe350229490>
2025-08-28 06:59:43,582 - Knowledge - INFO - persist ingested knowledge for /app/data/b2c/12661/b6273fu/rialto-ocdm-12661/library/include/MediaKeysCapabilitiesBackend.h
2025-08-28 06:59:43,582 - Knowledge - INFO - worker kw20 pull /app/data/b2c/12661/b6273fu/rialto-ocdm-12661/library/include/ICdmBackend.h from ingest queue
2025-08-28 06:59:43,586 - Knowledge - INFO - Found code-base-name: https://github.com/kavia-common/rialto-ocdm-12661.git:kavia-6.0.0-rc1
2025-08-28 06:59:43,586 - Knowledge - INFO - Found code_base: <app.utils.kg_build.knowledge.KnowledgeCodeBase object at 0x7fe350229490>
2025-08-28 06:59:43,586 - Knowledge - INFO - persist ingested knowledge for /app/data/b2c/12661/b6273fu/rialto-ocdm-12661/library/include/OpenCDMSystemPrivate.h
2025-08-28 06:59:43,587 - Knowledge - INFO - worker kw21 pull /app/data/b2c/12661/b6273fu/rialto-ocdm-12661/library/CMakeLists.txt from ingest queue
2025-08-28 06:59:43,590 - Knowledge - INFO - worker kw22 pull /app/data/b2c/12661/b6273fu/rialto-ocdm-12661/library/source/ActiveSessions.cpp from ingest queue
2025-08-28 06:59:43,590 - Knowledge - INFO - worker kw23 pull /app/data/b2c/12661/b6273fu/rialto-ocdm-12661/library/source/open_cdm.cpp from ingest queue
2025-08-28 06:59:43,592 - Knowledge - INFO - worker kw24 pull /app/data/b2c/12661/b6273fu/rialto-ocdm-12661/library/source/open_cdm_adapter.cpp from ingest queue
2025-08-28 06:59:43,593 - Knowledge - INFO - worker kw25 pull /app/data/b2c/12661/b6273fu/rialto-ocdm-12661/library/source/OpenCDMSessionPrivate.cpp from ingest queue
2025-08-28 06:59:43,766 - Knowledge - INFO - process ingested knowledge for /app/data/b2c/12661/b6273fu/rialto-ocdm-12661/library/include/CdmBackend.h
2025-08-28 06:59:43,767 - Knowledge - INFO - process ingested knowledge for /app/data/b2c/12661/b6273fu/rialto-ocdm-12661/library/source/open_cdm_adapter.cpp
2025-08-28 06:59:43,768 - Knowledge - INFO - process ingested knowledge for /app/data/b2c/12661/b6273fu/rialto-ocdm-12661/library/include/MessageDispatcher.h
2025-08-28 06:59:43,785 - Knowledge - INFO - process ingested knowledge for /app/data/b2c/12661/b6273fu/rialto-ocdm-12661/library/include/OpenCDMSystem.h
2025-08-28 06:59:43,787 - Knowledge - INFO - process ingested knowledge for /app/data/b2c/12661/b6273fu/rialto-ocdm-12661/library/include/OpenCDMSessionPrivate.h
2025-08-28 06:59:43,790 - Knowledge - INFO - process ingested knowledge for /app/data/b2c/12661/b6273fu/rialto-ocdm-12661/library/include/ICdmBackend.h
2025-08-28 06:59:43,790 - Knowledge - INFO - process ingested knowledge for /app/data/b2c/12661/b6273fu/rialto-ocdm-12661/library/include/Logger.h
2025-08-28 06:59:43,793 - Knowledge - INFO - process ingested knowledge for /app/data/b2c/12661/b6273fu/rialto-ocdm-12661/library/include/IMessageDispatcher.h
2025-08-28 06:59:43,798 - Knowledge - INFO - process ingested knowledge for /app/data/b2c/12661/b6273fu/rialto-ocdm-12661/library/CMakeLists.txt
2025-08-28 06:59:43,880 - Knowledge - INFO - Found code-base-name: https://github.com/kavia-common/rialto-ocdm-12661.git:kavia-6.0.0-rc1
2025-08-28 06:59:43,882 - Knowledge - INFO - Found code_base: <app.utils.kg_build.knowledge.KnowledgeCodeBase object at 0x7fe350229490>
2025-08-28 06:59:43,882 - Knowledge - INFO - persist ingested knowledge for /app/data/b2c/12661/b6273fu/rialto-ocdm-12661/scripts/clang-format/process_clang-format_errors.py
2025-08-28 06:59:43,882 - Knowledge - INFO - process ingested knowledge for /app/data/b2c/12661/b6273fu/rialto-ocdm-12661/library/include/RialtoGStreamerEMEProtectionMetadata.h
2025-08-28 06:59:43,888 - Knowledge - INFO - worker kw1 pull /app/data/b2c/12661/b6273fu/rialto-ocdm-12661/library/source/open_cdm_ext.cpp from ingest queue
2025-08-28 06:59:43,898 - Knowledge - INFO - process ingested knowledge for /app/data/b2c/12661/b6273fu/rialto-ocdm-12661/library/source/open_cdm.cpp
2025-08-28 06:59:43,899 - Knowledge - INFO - process ingested knowledge for /app/data/b2c/12661/b6273fu/rialto-ocdm-12661/library/include/ActiveSessions.h
2025-08-28 06:59:43,907 - Knowledge - INFO - process ingested knowledge for /app/data/b2c/12661/b6273fu/rialto-ocdm-12661/library/source/ActiveSessions.cpp
2025-08-28 06:59:43,923 - Knowledge - INFO - process ingested knowledge for /app/data/b2c/12661/b6273fu/rialto-ocdm-12661/library/source/OpenCDMSessionPrivate.cpp
2025-08-28 06:59:43,964 - Knowledge - INFO - process ingested knowledge for /app/data/b2c/12661/b6273fu/rialto-ocdm-12661/library/source/open_cdm_ext.cpp
2025-08-28 06:59:44,258 - Knowledge - INFO - adding /app/data/b2c/12661/b6273fu/rialto-ocdm-12661/scripts/valgrind/process_valgrind_results.py to ingest queue
2025-08-28 06:59:44,343 - Knowledge - INFO - Found code-base-name: https://github.com/kavia-common/rialto-ocdm-12661.git:kavia-6.0.0-rc1
2025-08-28 06:59:44,343 - Knowledge - INFO - Found code_base: <app.utils.kg_build.knowledge.KnowledgeCodeBase object at 0x7fe350229490>
2025-08-28 06:59:44,343 - Knowledge - INFO - persist ingested knowledge for /app/data/b2c/12661/b6273fu/rialto-ocdm-12661/library/include/CdmBackend.h
2025-08-28 06:59:44,343 - Knowledge - INFO - Found code-base-name: https://github.com/kavia-common/rialto-ocdm-12661.git:kavia-6.0.0-rc1
2025-08-28 06:59:44,344 - Knowledge - INFO - Found code_base: <app.utils.kg_build.knowledge.KnowledgeCodeBase object at 0x7fe350229490>
2025-08-28 06:59:44,344 - Knowledge - INFO - persist ingested knowledge for /app/data/b2c/12661/b6273fu/rialto-ocdm-12661/library/source/open_cdm_adapter.cpp
2025-08-28 06:59:44,344 - Knowledge - INFO - Found code-base-name: https://github.com/kavia-common/rialto-ocdm-12661.git:kavia-6.0.0-rc1
2025-08-28 06:59:44,344 - Knowledge - INFO - Found code_base: <app.utils.kg_build.knowledge.KnowledgeCodeBase object at 0x7fe350229490>
2025-08-28 06:59:44,344 - Knowledge - INFO - persist ingested knowledge for /app/data/b2c/12661/b6273fu/rialto-ocdm-12661/library/include/MessageDispatcher.h
2025-08-28 06:59:44,345 - Knowledge - INFO - Found code-base-name: https://github.com/kavia-common/rialto-ocdm-12661.git:kavia-6.0.0-rc1
2025-08-28 06:59:44,345 - Knowledge - INFO - Found code_base: <app.utils.kg_build.knowledge.KnowledgeCodeBase object at 0x7fe350229490>
2025-08-28 06:59:44,345 - Knowledge - INFO - persist ingested knowledge for /app/data/b2c/12661/b6273fu/rialto-ocdm-12661/library/include/OpenCDMSystem.h
2025-08-28 06:59:44,345 - Knowledge - INFO - Found code-base-name: https://github.com/kavia-common/rialto-ocdm-12661.git:kavia-6.0.0-rc1
2025-08-28 06:59:44,345 - Knowledge - INFO - Found code_base: <app.utils.kg_build.knowledge.KnowledgeCodeBase object at 0x7fe350229490>
2025-08-28 06:59:44,345 - Knowledge - INFO - persist ingested knowledge for /app/data/b2c/12661/b6273fu/rialto-ocdm-12661/library/include/ICdmBackend.h
2025-08-28 06:59:44,345 - Knowledge - INFO - Found code-base-name: https://github.com/kavia-common/rialto-ocdm-12661.git:kavia-6.0.0-rc1
2025-08-28 06:59:44,345 - Knowledge - INFO - Found code_base: <app.utils.kg_build.knowledge.KnowledgeCodeBase object at 0x7fe350229490>
2025-08-28 06:59:44,346 - Knowledge - INFO - persist ingested knowledge for /app/data/b2c/12661/b6273fu/rialto-ocdm-12661/library/include/OpenCDMSessionPrivate.h
2025-08-28 06:59:44,346 - Knowledge - INFO - Found code-base-name: https://github.com/kavia-common/rialto-ocdm-12661.git:kavia-6.0.0-rc1
2025-08-28 06:59:44,346 - Knowledge - INFO - Found code_base: <app.utils.kg_build.knowledge.KnowledgeCodeBase object at 0x7fe350229490>
2025-08-28 06:59:44,346 - Knowledge - INFO - persist ingested knowledge for /app/data/b2c/12661/b6273fu/rialto-ocdm-12661/library/include/IMessageDispatcher.h
2025-08-28 06:59:44,346 - Knowledge - INFO - Found code-base-name: https://github.com/kavia-common/rialto-ocdm-12661.git:kavia-6.0.0-rc1
2025-08-28 06:59:44,346 - Knowledge - INFO - Found code_base: <app.utils.kg_build.knowledge.KnowledgeCodeBase object at 0x7fe350229490>
2025-08-28 06:59:44,347 - Knowledge - INFO - persist ingested knowledge for /app/data/b2c/12661/b6273fu/rialto-ocdm-12661/library/include/Logger.h
2025-08-28 06:59:44,424 - Knowledge - INFO - adding /app/data/b2c/12661/b6273fu/rialto-ocdm-12661/library/include/Logger.h to ingest queue
2025-08-28 06:59:44,494 - Knowledge - INFO - Found code-base-name: https://github.com/kavia-common/rialto-ocdm-12661.git:kavia-6.0.0-rc1
2025-08-28 06:59:44,494 - Knowledge - INFO - Found code_base: <app.utils.kg_build.knowledge.KnowledgeCodeBase object at 0x7fe350229490>
2025-08-28 06:59:44,494 - Knowledge - INFO - persist ingested knowledge for /app/data/b2c/12661/b6273fu/rialto-ocdm-12661/library/include/RialtoGStreamerEMEProtectionMetadata.h
2025-08-28 06:59:44,495 - Knowledge - INFO - Found code-base-name: https://github.com/kavia-common/rialto-ocdm-12661.git:kavia-6.0.0-rc1
2025-08-28 06:59:44,495 - Knowledge - INFO - Found code_base: <app.utils.kg_build.knowledge.KnowledgeCodeBase object at 0x7fe350229490>
2025-08-28 06:59:44,495 - Knowledge - INFO - persist ingested knowledge for /app/data/b2c/12661/b6273fu/rialto-ocdm-12661/library/CMakeLists.txt
2025-08-28 06:59:44,495 - Knowledge - INFO - Found code-base-name: https://github.com/kavia-common/rialto-ocdm-12661.git:kavia-6.0.0-rc1
2025-08-28 06:59:44,495 - Knowledge - INFO - Found code_base: <app.utils.kg_build.knowledge.KnowledgeCodeBase object at 0x7fe350229490>
2025-08-28 06:59:44,495 - Knowledge - INFO - persist ingested knowledge for /app/data/b2c/12661/b6273fu/rialto-ocdm-12661/library/include/ActiveSessions.h
2025-08-28 06:59:44,496 - Knowledge - INFO - Found code-base-name: https://github.com/kavia-common/rialto-ocdm-12661.git:kavia-6.0.0-rc1
2025-08-28 06:59:44,496 - Knowledge - INFO - Found code_base: <app.utils.kg_build.knowledge.KnowledgeCodeBase object at 0x7fe350229490>
2025-08-28 06:59:44,496 - Knowledge - INFO - persist ingested knowledge for /app/data/b2c/12661/b6273fu/rialto-ocdm-12661/library/source/open_cdm.cpp
2025-08-28 06:59:44,496 - Knowledge - INFO - Found code-base-name: https://github.com/kavia-common/rialto-ocdm-12661.git:kavia-6.0.0-rc1
2025-08-28 06:59:44,496 - Knowledge - INFO - Found code_base: <app.utils.kg_build.knowledge.KnowledgeCodeBase object at 0x7fe350229490>
2025-08-28 06:59:44,496 - Knowledge - INFO - persist ingested knowledge for /app/data/b2c/12661/b6273fu/rialto-ocdm-12661/library/source/ActiveSessions.cpp
2025-08-28 06:59:44,496 - Knowledge - INFO - Found code-base-name: https://github.com/kavia-common/rialto-ocdm-12661.git:kavia-6.0.0-rc1
2025-08-28 06:59:44,496 - Knowledge - INFO - Found code_base: <app.utils.kg_build.knowledge.KnowledgeCodeBase object at 0x7fe350229490>
2025-08-28 06:59:44,497 - Knowledge - INFO - persist ingested knowledge for /app/data/b2c/12661/b6273fu/rialto-ocdm-12661/library/source/OpenCDMSessionPrivate.cpp
2025-08-28 06:59:44,497 - Knowledge - INFO - Found code-base-name: https://github.com/kavia-common/rialto-ocdm-12661.git:kavia-6.0.0-rc1
2025-08-28 06:59:44,497 - Knowledge - INFO - Found code_base: <app.utils.kg_build.knowledge.KnowledgeCodeBase object at 0x7fe350229490>
2025-08-28 06:59:44,497 - Knowledge - INFO - persist ingested knowledge for /app/data/b2c/12661/b6273fu/rialto-ocdm-12661/library/source/open_cdm_ext.cpp
2025-08-28 06:59:44,497 - Knowledge - INFO - adding /app/data/b2c/12661/b6273fu/rialto-ocdm-12661/TERMS.md to ingest queue
2025-08-28 06:59:44,497 - Knowledge - INFO - adding /app/data/b2c/12661/b6273fu/rialto-ocdm-12661/docs/index.html to ingest queue
2025-08-28 06:59:44,498 - Knowledge - INFO - adding /app/data/b2c/12661/b6273fu/rialto-ocdm-12661/cmake/googletest.cmake to ingest queue
2025-08-28 06:59:44,498 - Knowledge - INFO - adding /app/data/b2c/12661/b6273fu/rialto-ocdm-12661/library/include/OpenCDMSession.h to ingest queue
2025-08-28 06:59:44,567 - Knowledge - INFO - worker kw2 pull /app/data/b2c/12661/b6273fu/rialto-ocdm-12661/library/source/Logger.cpp from ingest queue
2025-08-28 06:59:44,568 - Knowledge - INFO - adding /app/data/b2c/12661/b6273fu/rialto-ocdm-12661/library/include/MediaKeysCapabilitiesBackend.h to ingest queue
2025-08-28 06:59:44,614 - Knowledge - INFO - process ingested knowledge for /app/data/b2c/12661/b6273fu/rialto-ocdm-12661/library/source/Logger.cpp
2025-08-28 06:59:44,672 - Knowledge - INFO - adding /app/data/b2c/12661/b6273fu/rialto-ocdm-12661/library/source/open_cdm_adapter.cpp to ingest queue
2025-08-28 06:59:44,781 - Knowledge - INFO - adding /app/data/b2c/12661/b6273fu/rialto-ocdm-12661/library/include/OpenCDMSystem.h to ingest queue
2025-08-28 06:59:44,978 - Knowledge - INFO - adding /app/data/b2c/12661/b6273fu/rialto-ocdm-12661/cmake/FindRialto.cmake to ingest queue
2025-08-28 06:59:45,048 - Knowledge - INFO - worker kw15 pull /app/data/b2c/12661/b6273fu/rialto-ocdm-12661/library/source/RialtoGStreamerEMEProtectionMetadata.cpp from ingest queue
2025-08-28 06:59:45,051 - Knowledge - INFO - adding /app/data/b2c/12661/b6273fu/rialto-ocdm-12661/CMakeLists.txt to ingest queue
2025-08-28 06:59:45,051 - Knowledge - INFO - worker kw4 pull /app/data/b2c/12661/b6273fu/rialto-ocdm-12661/library/source/CdmBackend.cpp from ingest queue
2025-08-28 06:59:45,089 - Knowledge - INFO - process ingested knowledge for /app/data/b2c/12661/b6273fu/rialto-ocdm-12661/library/source/RialtoGStreamerEMEProtectionMetadata.cpp
2025-08-28 06:59:45,118 - Knowledge - INFO - process ingested knowledge for /app/data/b2c/12661/b6273fu/rialto-ocdm-12661/library/source/CdmBackend.cpp
2025-08-28 06:59:45,344 - Knowledge - INFO - worker kw5 pull /app/data/b2c/12661/b6273fu/rialto-ocdm-12661/library/source/MessageDispatcher.cpp from ingest queue
2025-08-28 06:59:45,344 - Knowledge - INFO - worker kw6 pull /app/data/b2c/12661/b6273fu/rialto-ocdm-12661/library/source/OpenCDMSystemPrivate.cpp from ingest queue
2025-08-28 06:59:45,345 - Knowledge - INFO - worker kw9 pull /app/data/b2c/12661/b6273fu/rialto-ocdm-12661/library/source/MediaKeysCapabilitiesBackend.cpp from ingest queue
2025-08-28 06:59:45,349 - Knowledge - INFO - adding /app/data/b2c/12661/b6273fu/rialto-ocdm-12661/library/include/OpenCDMSystemPrivate.h to ingest queue
2025-08-28 06:59:45,350 - Knowledge - INFO - Found code-base-name: https://github.com/kavia-common/rialto-ocdm-12661.git:kavia-6.0.0-rc1
2025-08-28 06:59:45,350 - Knowledge - INFO - Found code_base: <app.utils.kg_build.knowledge.KnowledgeCodeBase object at 0x7fe350229490>
2025-08-28 06:59:45,350 - Knowledge - INFO - persist ingested knowledge for /app/data/b2c/12661/b6273fu/rialto-ocdm-12661/library/source/Logger.cpp
2025-08-28 06:59:45,396 - Knowledge - INFO - process ingested knowledge for /app/data/b2c/12661/b6273fu/rialto-ocdm-12661/library/source/OpenCDMSystemPrivate.cpp
2025-08-28 06:59:45,399 - Knowledge - INFO - process ingested knowledge for /app/data/b2c/12661/b6273fu/rialto-ocdm-12661/library/source/MessageDispatcher.cpp
2025-08-28 06:59:45,399 - Knowledge - INFO - process ingested knowledge for /app/data/b2c/12661/b6273fu/rialto-ocdm-12661/library/source/MediaKeysCapabilitiesBackend.cpp
2025-08-28 06:59:45,431 - Knowledge - INFO - worker kw24 pull /app/data/b2c/12661/b6273fu/rialto-ocdm-12661/cppcheck_suppressions.xml from ingest queue
2025-08-28 06:59:45,462 - Knowledge - INFO - process ingested knowledge for /app/data/b2c/12661/b6273fu/rialto-ocdm-12661/cppcheck_suppressions.xml
2025-08-28 06:59:45,497 - Knowledge - INFO - adding /app/data/b2c/12661/b6273fu/rialto-ocdm-12661/library/include/ICdmBackend.h to ingest queue
2025-08-28 06:59:45,498 - Knowledge - INFO - worker kw20 pull /app/data/b2c/12661/b6273fu/rialto-ocdm-12661/README.md from ingest queue
2025-08-28 06:59:45,498 - Knowledge - INFO - worker kw8 pull /app/data/b2c/12661/b6273fu/rialto-ocdm-12661/tests/third-party/CMakeLists.txt from ingest queue
2025-08-28 06:59:45,505 - Knowledge - INFO - adding /app/data/b2c/12661/b6273fu/rialto-ocdm-12661/scripts/clang-format/process_clang-format_errors.py to ingest queue
2025-08-28 06:59:45,536 - Knowledge - INFO - process ingested knowledge for /app/data/b2c/12661/b6273fu/rialto-ocdm-12661/README.md
2025-08-28 06:59:45,537 - Knowledge - INFO - process ingested knowledge for /app/data/b2c/12661/b6273fu/rialto-ocdm-12661/tests/third-party/CMakeLists.txt
2025-08-28 06:59:45,566 - Knowledge - INFO - adding /app/data/b2c/12661/b6273fu/rialto-ocdm-12661/library/CMakeLists.txt to ingest queue
2025-08-28 06:59:45,567 - Knowledge - INFO - Found code-base-name: https://github.com/kavia-common/rialto-ocdm-12661.git:kavia-6.0.0-rc1
2025-08-28 06:59:45,567 - Knowledge - INFO - Found code_base: <app.utils.kg_build.knowledge.KnowledgeCodeBase object at 0x7fe350229490>
2025-08-28 06:59:45,567 - Knowledge - INFO - persist ingested knowledge for /app/data/b2c/12661/b6273fu/rialto-ocdm-12661/library/source/CdmBackend.cpp
2025-08-28 06:59:45,568 - Knowledge - INFO - Found code-base-name: https://github.com/kavia-common/rialto-ocdm-12661.git:kavia-6.0.0-rc1
2025-08-28 06:59:45,568 - Knowledge - INFO - Found code_base: <app.utils.kg_build.knowledge.KnowledgeCodeBase object at 0x7fe350229490>
2025-08-28 06:59:45,568 - Knowledge - INFO - persist ingested knowledge for /app/data/b2c/12661/b6273fu/rialto-ocdm-12661/library/source/RialtoGStreamerEMEProtectionMetadata.cpp
2025-08-28 06:59:45,568 - Knowledge - INFO - adding /app/data/b2c/12661/b6273fu/rialto-ocdm-12661/library/source/ActiveSessions.cpp to ingest queue
2025-08-28 06:59:45,568 - Knowledge - INFO - adding /app/data/b2c/12661/b6273fu/rialto-ocdm-12661/library/source/OpenCDMSessionPrivate.cpp to ingest queue
2025-08-28 06:59:45,568 - Knowledge - INFO - adding /app/data/b2c/12661/b6273fu/rialto-ocdm-12661/library/source/open_cdm_ext.cpp to ingest queue
2025-08-28 06:59:45,569 - Knowledge - INFO - worker kw10 pull /app/data/b2c/12661/b6273fu/rialto-ocdm-12661/tests/third-party/source/ControlFactory.cpp from ingest queue
2025-08-28 06:59:45,610 - Knowledge - INFO - process ingested knowledge for /app/data/b2c/12661/b6273fu/rialto-ocdm-12661/tests/third-party/source/ControlFactory.cpp
2025-08-28 06:59:45,640 - Knowledge - INFO - Found code-base-name: https://github.com/kavia-common/rialto-ocdm-12661.git:kavia-6.0.0-rc1
2025-08-28 06:59:45,640 - Knowledge - INFO - Found code_base: <app.utils.kg_build.knowledge.KnowledgeCodeBase object at 0x7fe350229490>
2025-08-28 06:59:45,640 - Knowledge - INFO - persist ingested knowledge for /app/data/b2c/12661/b6273fu/rialto-ocdm-12661/library/source/OpenCDMSystemPrivate.cpp
2025-08-28 06:59:45,641 - Knowledge - INFO - Found code-base-name: https://github.com/kavia-common/rialto-ocdm-12661.git:kavia-6.0.0-rc1
2025-08-28 06:59:45,641 - Knowledge - INFO - Found code_base: <app.utils.kg_build.knowledge.KnowledgeCodeBase object at 0x7fe350229490>
2025-08-28 06:59:45,641 - Knowledge - INFO - persist ingested knowledge for /app/data/b2c/12661/b6273fu/rialto-ocdm-12661/library/source/MessageDispatcher.cpp
2025-08-28 06:59:45,641 - Knowledge - INFO - Found code-base-name: https://github.com/kavia-common/rialto-ocdm-12661.git:kavia-6.0.0-rc1
2025-08-28 06:59:45,641 - Knowledge - INFO - Found code_base: <app.utils.kg_build.knowledge.KnowledgeCodeBase object at 0x7fe350229490>
2025-08-28 06:59:45,641 - Knowledge - INFO - persist ingested knowledge for /app/data/b2c/12661/b6273fu/rialto-ocdm-12661/library/source/MediaKeysCapabilitiesBackend.cpp
2025-08-28 06:59:45,641 - Knowledge - INFO - worker kw16 pull /app/data/b2c/12661/b6273fu/rialto-ocdm-12661/tests/third-party/source/MediaKeysFactory.cpp from ingest queue
2025-08-28 06:59:45,643 - Knowledge - INFO - adding /app/data/b2c/12661/b6273fu/rialto-ocdm-12661/library/include/MessageDispatcher.h to ingest queue
2025-08-28 06:59:45,683 - Knowledge - INFO - process ingested knowledge for /app/data/b2c/12661/b6273fu/rialto-ocdm-12661/tests/third-party/source/MediaKeysFactory.cpp
2025-08-28 06:59:45,709 - Knowledge - INFO - adding /app/data/b2c/12661/b6273fu/rialto-ocdm-12661/library/include/IMessageDispatcher.h to ingest queue
2025-08-28 06:59:45,709 - Knowledge - INFO - adding /app/data/b2c/12661/b6273fu/rialto-ocdm-12661/library/include/OpenCDMSessionPrivate.h to ingest queue
2025-08-28 06:59:45,775 - Knowledge - INFO - worker kw3 pull /app/data/b2c/12661/b6273fu/rialto-ocdm-12661/tests/third-party/source/OcdmSessionsCallbacks.cpp from ingest queue
2025-08-28 06:59:45,776 - Knowledge - INFO - Found code-base-name: https://github.com/kavia-common/rialto-ocdm-12661.git:kavia-6.0.0-rc1
2025-08-28 06:59:45,776 - Knowledge - INFO - Found code_base: <app.utils.kg_build.knowledge.KnowledgeCodeBase object at 0x7fe350229490>
2025-08-28 06:59:45,776 - Knowledge - INFO - persist ingested knowledge for /app/data/b2c/12661/b6273fu/rialto-ocdm-12661/README.md
2025-08-28 06:59:45,832 - Knowledge - INFO - process ingested knowledge for /app/data/b2c/12661/b6273fu/rialto-ocdm-12661/tests/third-party/source/OcdmSessionsCallbacks.cpp
2025-08-28 06:59:45,864 - Knowledge - INFO - adding /app/data/b2c/12661/b6273fu/rialto-ocdm-12661/library/include/ActiveSessions.h to ingest queue
2025-08-28 06:59:45,866 - Knowledge - INFO - worker kw22 pull /app/data/b2c/12661/b6273fu/rialto-ocdm-12661/tests/third-party/source/MediaKeysCapabilitiesFactory.cpp from ingest queue
2025-08-28 06:59:45,917 - Knowledge - INFO - process ingested knowledge for /app/data/b2c/12661/b6273fu/rialto-ocdm-12661/tests/third-party/source/MediaKeysCapabilitiesFactory.cpp
2025-08-28 06:59:45,967 - Knowledge - INFO - worker kw7 pull /app/data/b2c/12661/b6273fu/rialto-ocdm-12661/tests/ut/CdmBackendTests.cpp from ingest queue
2025-08-28 06:59:45,968 - Knowledge - INFO - worker kw25 pull /app/data/b2c/12661/b6273fu/rialto-ocdm-12661/tests/ut/MessageDispatcherTests.cpp from ingest queue
2025-08-28 06:59:45,969 - Knowledge - INFO - worker kw11 pull /app/data/b2c/12661/b6273fu/rialto-ocdm-12661/tests/ut/LoggerTests.cpp from ingest queue
2025-08-28 06:59:45,970 - Knowledge - INFO - adding /app/data/b2c/12661/b6273fu/rialto-ocdm-12661/library/source/Logger.cpp to ingest queue
2025-08-28 06:59:46,010 - Knowledge - INFO - process ingested knowledge for /app/data/b2c/12661/b6273fu/rialto-ocdm-12661/tests/ut/CdmBackendTests.cpp
2025-08-28 06:59:46,012 - Knowledge - INFO - process ingested knowledge for /app/data/b2c/12661/b6273fu/rialto-ocdm-12661/tests/ut/MessageDispatcherTests.cpp
2025-08-28 06:59:46,012 - Knowledge - INFO - process ingested knowledge for /app/data/b2c/12661/b6273fu/rialto-ocdm-12661/tests/ut/LoggerTests.cpp
2025-08-28 06:59:46,040 - Knowledge - INFO - Found code-base-name: https://github.com/kavia-common/rialto-ocdm-12661.git:kavia-6.0.0-rc1
2025-08-28 06:59:46,040 - Knowledge - INFO - Found code_base: <app.utils.kg_build.knowledge.KnowledgeCodeBase object at 0x7fe350229490>
2025-08-28 06:59:46,041 - Knowledge - INFO - persist ingested knowledge for /app/data/b2c/12661/b6273fu/rialto-ocdm-12661/cppcheck_suppressions.xml
2025-08-28 06:59:46,041 - Knowledge - INFO - worker kw12 pull /app/data/b2c/12661/b6273fu/rialto-ocdm-12661/tests/ut/MediaKeysCapabilitiesBackendTests.cpp from ingest queue
2025-08-28 06:59:46,041 - Knowledge - INFO - Found code-base-name: https://github.com/kavia-common/rialto-ocdm-12661.git:kavia-6.0.0-rc1
2025-08-28 06:59:46,042 - Knowledge - INFO - Found code_base: <app.utils.kg_build.knowledge.KnowledgeCodeBase object at 0x7fe350229490>
2025-08-28 06:59:46,042 - Knowledge - INFO - persist ingested knowledge for /app/data/b2c/12661/b6273fu/rialto-ocdm-12661/tests/third-party/source/MediaKeysFactory.cpp
2025-08-28 06:59:46,073 - Knowledge - INFO - process ingested knowledge for /app/data/b2c/12661/b6273fu/rialto-ocdm-12661/tests/ut/MediaKeysCapabilitiesBackendTests.cpp
2025-08-28 06:59:46,107 - Knowledge - INFO - worker kw18 pull /app/data/b2c/12661/b6273fu/rialto-ocdm-12661/tests/ut/OpenCdmTests.cpp from ingest queue
2025-08-28 06:59:46,107 - Knowledge - INFO - Found code-base-name: https://github.com/kavia-common/rialto-ocdm-12661.git:kavia-6.0.0-rc1
2025-08-28 06:59:46,108 - Knowledge - INFO - Found code_base: <app.utils.kg_build.knowledge.KnowledgeCodeBase object at 0x7fe350229490>
2025-08-28 06:59:46,108 - Knowledge - INFO - persist ingested knowledge for /app/data/b2c/12661/b6273fu/rialto-ocdm-12661/tests/third-party/CMakeLists.txt
2025-08-28 06:59:46,139 - Knowledge - INFO - process ingested knowledge for /app/data/b2c/12661/b6273fu/rialto-ocdm-12661/tests/ut/OpenCdmTests.cpp
2025-08-28 06:59:46,167 - Knowledge - INFO - Found code-base-name: https://github.com/kavia-common/rialto-ocdm-12661.git:kavia-6.0.0-rc1
2025-08-28 06:59:46,167 - Knowledge - INFO - Found code_base: <app.utils.kg_build.knowledge.KnowledgeCodeBase object at 0x7fe350229490>
2025-08-28 06:59:46,167 - Knowledge - INFO - persist ingested knowledge for /app/data/b2c/12661/b6273fu/rialto-ocdm-12661/tests/third-party/source/OcdmSessionsCallbacks.cpp
2025-08-28 06:59:46,167 - Knowledge - INFO - adding /app/data/b2c/12661/b6273fu/rialto-ocdm-12661/library/source/CdmBackend.cpp to ingest queue
2025-08-28 06:59:46,237 - Knowledge - INFO - worker kw17 pull /app/data/b2c/12661/b6273fu/rialto-ocdm-12661/tests/ut/OpenCdmSessionTests.cpp from ingest queue
2025-08-28 06:59:46,238 - Knowledge - INFO - worker kw1 pull /app/data/b2c/12661/b6273fu/rialto-ocdm-12661/tests/ut/CMakeLists.txt from ingest queue
2025-08-28 06:59:46,239 - Knowledge - INFO - Found code-base-name: https://github.com/kavia-common/rialto-ocdm-12661.git:kavia-6.0.0-rc1
2025-08-28 06:59:46,239 - Knowledge - INFO - Found code_base: <app.utils.kg_build.knowledge.KnowledgeCodeBase object at 0x7fe350229490>
2025-08-28 06:59:46,239 - Knowledge - INFO - persist ingested knowledge for /app/data/b2c/12661/b6273fu/rialto-ocdm-12661/tests/third-party/source/MediaKeysCapabilitiesFactory.cpp
2025-08-28 06:59:46,240 - Knowledge - INFO - adding /app/data/b2c/12661/b6273fu/rialto-ocdm-12661/library/include/CdmBackend.h to ingest queue
2025-08-28 06:59:46,240 - Knowledge - INFO - Found code-base-name: https://github.com/kavia-common/rialto-ocdm-12661.git:kavia-6.0.0-rc1
2025-08-28 06:59:46,240 - Knowledge - INFO - Found code_base: <app.utils.kg_build.knowledge.KnowledgeCodeBase object at 0x7fe350229490>
2025-08-28 06:59:46,241 - Knowledge - INFO - persist ingested knowledge for /app/data/b2c/12661/b6273fu/rialto-ocdm-12661/tests/third-party/source/ControlFactory.cpp
2025-08-28 06:59:46,274 - Knowledge - INFO - process ingested knowledge for /app/data/b2c/12661/b6273fu/rialto-ocdm-12661/tests/ut/CMakeLists.txt
2025-08-28 06:59:46,287 - Knowledge - INFO - process ingested knowledge for /app/data/b2c/12661/b6273fu/rialto-ocdm-12661/tests/ut/OpenCdmSessionTests.cpp
2025-08-28 06:59:46,369 - Knowledge - INFO - worker kw2 pull /app/data/b2c/12661/b6273fu/rialto-ocdm-12661/tests/ut/OpenCdmAdapterTests.cpp from ingest queue
2025-08-28 06:59:46,370 - Knowledge - INFO - Found code-base-name: https://github.com/kavia-common/rialto-ocdm-12661.git:kavia-6.0.0-rc1
2025-08-28 06:59:46,371 - Knowledge - INFO - Found code_base: <app.utils.kg_build.knowledge.KnowledgeCodeBase object at 0x7fe350229490>
2025-08-28 06:59:46,371 - Knowledge - INFO - persist ingested knowledge for /app/data/b2c/12661/b6273fu/rialto-ocdm-12661/tests/ut/CdmBackendTests.cpp
2025-08-28 06:59:46,372 - Knowledge - INFO - Found code-base-name: https://github.com/kavia-common/rialto-ocdm-12661.git:kavia-6.0.0-rc1
2025-08-28 06:59:46,372 - Knowledge - INFO - Found code_base: <app.utils.kg_build.knowledge.KnowledgeCodeBase object at 0x7fe350229490>
2025-08-28 06:59:46,372 - Knowledge - INFO - persist ingested knowledge for /app/data/b2c/12661/b6273fu/rialto-ocdm-12661/tests/ut/MessageDispatcherTests.cpp
2025-08-28 06:59:46,374 - Knowledge - INFO - Found code-base-name: https://github.com/kavia-common/rialto-ocdm-12661.git:kavia-6.0.0-rc1
2025-08-28 06:59:46,374 - Knowledge - INFO - Found code_base: <app.utils.kg_build.knowledge.KnowledgeCodeBase object at 0x7fe350229490>
2025-08-28 06:59:46,374 - Knowledge - INFO - persist ingested knowledge for /app/data/b2c/12661/b6273fu/rialto-ocdm-12661/tests/ut/LoggerTests.cpp
2025-08-28 06:59:46,409 - Knowledge - INFO - process ingested knowledge for /app/data/b2c/12661/b6273fu/rialto-ocdm-12661/tests/ut/OpenCdmAdapterTests.cpp
2025-08-28 06:59:46,431 - Knowledge - INFO - adding /app/data/b2c/12661/b6273fu/rialto-ocdm-12661/cppcheck_suppressions.xml to ingest queue
2025-08-28 06:59:46,431 - Knowledge - INFO - worker kw24 pull /app/data/b2c/12661/b6273fu/rialto-ocdm-12661/tests/ut/OpenCdmExtTests.cpp from ingest queue
2025-08-28 06:59:46,432 - Knowledge - INFO - worker kw19 pull /app/data/b2c/12661/b6273fu/rialto-ocdm-12661/tests/ut/ActiveSessionsTests.cpp from ingest queue
2025-08-28 06:59:46,434 - Knowledge - INFO - adding /app/data/b2c/12661/b6273fu/rialto-ocdm-12661/tests/third-party/source/MediaKeysFactory.cpp to ingest queue
2025-08-28 06:59:46,486 - Knowledge - INFO - process ingested knowledge for /app/data/b2c/12661/b6273fu/rialto-ocdm-12661/tests/ut/ActiveSessionsTests.cpp
2025-08-28 06:59:46,492 - Knowledge - INFO - process ingested knowledge for /app/data/b2c/12661/b6273fu/rialto-ocdm-12661/tests/ut/OpenCdmExtTests.cpp
2025-08-28 06:59:46,574 - Knowledge - INFO - adding /app/data/b2c/12661/b6273fu/rialto-ocdm-12661/README.md to ingest queue
2025-08-28 06:59:46,574 - Knowledge - INFO - worker kw20 pull /app/data/b2c/12661/b6273fu/rialto-ocdm-12661/tests/ut/OpenCdmSystemTests.cpp from ingest queue
2025-08-28 06:59:46,575 - Knowledge - INFO - worker kw4 pull /app/data/b2c/12661/b6273fu/rialto-ocdm-12661/tests/mocks/MediaKeysMock.h from ingest queue
2025-08-28 06:59:46,629 - Knowledge - INFO - process ingested knowledge for /app/data/b2c/12661/b6273fu/rialto-ocdm-12661/tests/mocks/MediaKeysMock.h
2025-08-28 06:59:46,642 - Knowledge - INFO - process ingested knowledge for /app/data/b2c/12661/b6273fu/rialto-ocdm-12661/tests/ut/OpenCdmSystemTests.cpp
2025-08-28 06:59:46,676 - Knowledge - INFO - adding /app/data/b2c/12661/b6273fu/rialto-ocdm-12661/tests/third-party/source/ControlFactory.cpp to ingest queue
2025-08-28 06:59:46,677 - Knowledge - INFO - worker kw13 pull /app/data/b2c/12661/b6273fu/rialto-ocdm-12661/tests/mocks/MessageDispatcherMock.h from ingest queue
2025-08-28 06:59:46,678 - Knowledge - INFO - Found code-base-name: https://github.com/kavia-common/rialto-ocdm-12661.git:kavia-6.0.0-rc1
2025-08-28 06:59:46,678 - Knowledge - INFO - Found code_base: <app.utils.kg_build.knowledge.KnowledgeCodeBase object at 0x7fe350229490>
2025-08-28 06:59:46,678 - Knowledge - INFO - persist ingested knowledge for /app/data/b2c/12661/b6273fu/rialto-ocdm-12661/tests/ut/OpenCdmSessionTests.cpp
2025-08-28 06:59:46,682 - Knowledge - INFO - adding /app/data/b2c/12661/b6273fu/rialto-ocdm-12661/library/source/MediaKeysCapabilitiesBackend.cpp to ingest queue
2025-08-28 06:59:46,727 - Knowledge - INFO - process ingested knowledge for /app/data/b2c/12661/b6273fu/rialto-ocdm-12661/tests/mocks/MessageDispatcherMock.h
2025-08-28 06:59:46,821 - Knowledge - INFO - adding /app/data/b2c/12661/b6273fu/rialto-ocdm-12661/tests/ut/MessageDispatcherTests.cpp to ingest queue
2025-08-28 06:59:46,822 - Knowledge - INFO - Found code-base-name: https://github.com/kavia-common/rialto-ocdm-12661.git:kavia-6.0.0-rc1
2025-08-28 06:59:46,822 - Knowledge - INFO - Found code_base: <app.utils.kg_build.knowledge.KnowledgeCodeBase object at 0x7fe350229490>
2025-08-28 06:59:46,822 - Knowledge - INFO - persist ingested knowledge for /app/data/b2c/12661/b6273fu/rialto-ocdm-12661/tests/ut/OpenCdmAdapterTests.cpp
2025-08-28 06:59:46,822 - Knowledge - INFO - Found code-base-name: https://github.com/kavia-common/rialto-ocdm-12661.git:kavia-6.0.0-rc1
2025-08-28 06:59:46,822 - Knowledge - INFO - Found code_base: <app.utils.kg_build.knowledge.KnowledgeCodeBase object at 0x7fe350229490>
2025-08-28 06:59:46,822 - Knowledge - INFO - persist ingested knowledge for /app/data/b2c/12661/b6273fu/rialto-ocdm-12661/tests/ut/MediaKeysCapabilitiesBackendTests.cpp
2025-08-28 06:59:46,823 - Knowledge - INFO - adding /app/data/b2c/12661/b6273fu/rialto-ocdm-12661/library/source/MessageDispatcher.cpp to ingest queue
2025-08-28 06:59:46,823 - Knowledge - INFO - worker kw5 pull /app/data/b2c/12661/b6273fu/rialto-ocdm-12661/tests/mocks/CdmBackendMock.h from ingest queue
2025-08-28 06:59:46,824 - Knowledge - INFO - worker kw16 pull /app/data/b2c/12661/b6273fu/rialto-ocdm-12661/tests/mocks/OcdmSessionsCallbacksMock.h from ingest queue
2025-08-28 06:59:46,826 - Knowledge - INFO - Found code-base-name: https://github.com/kavia-common/rialto-ocdm-12661.git:kavia-6.0.0-rc1
2025-08-28 06:59:46,827 - Knowledge - INFO - Found code_base: <app.utils.kg_build.knowledge.KnowledgeCodeBase object at 0x7fe350229490>
2025-08-28 06:59:46,827 - Knowledge - INFO - persist ingested knowledge for /app/data/b2c/12661/b6273fu/rialto-ocdm-12661/tests/ut/ActiveSessionsTests.cpp
2025-08-28 06:59:46,827 - Knowledge - INFO - Found code-base-name: https://github.com/kavia-common/rialto-ocdm-12661.git:kavia-6.0.0-rc1
2025-08-28 06:59:46,827 - Knowledge - INFO - Found code_base: <app.utils.kg_build.knowledge.KnowledgeCodeBase object at 0x7fe350229490>
2025-08-28 06:59:46,827 - Knowledge - INFO - persist ingested knowledge for /app/data/b2c/12661/b6273fu/rialto-ocdm-12661/tests/ut/OpenCdmExtTests.cpp
2025-08-28 06:59:46,827 - Knowledge - INFO - adding /app/data/b2c/12661/b6273fu/rialto-ocdm-12661/tests/third-party/CMakeLists.txt to ingest queue
2025-08-28 06:59:46,828 - Knowledge - INFO - worker kw21 pull /app/data/b2c/12661/b6273fu/rialto-ocdm-12661/tests/mocks/OpenCDMSessionMock.h from ingest queue
2025-08-28 06:59:46,828 - Knowledge - INFO - adding /app/data/b2c/12661/b6273fu/rialto-ocdm-12661/tests/third-party/source/OcdmSessionsCallbacks.cpp to ingest queue
2025-08-28 06:59:46,829 - Knowledge - INFO - Found code-base-name: https://github.com/kavia-common/rialto-ocdm-12661.git:kavia-6.0.0-rc1
2025-08-28 06:59:46,830 - Knowledge - INFO - Found code_base: <app.utils.kg_build.knowledge.KnowledgeCodeBase object at 0x7fe350229490>
2025-08-28 06:59:46,830 - Knowledge - INFO - persist ingested knowledge for /app/data/b2c/12661/b6273fu/rialto-ocdm-12661/tests/mocks/MediaKeysMock.h
2025-08-28 06:59:46,830 - Knowledge - INFO - adding /app/data/b2c/12661/b6273fu/rialto-ocdm-12661/library/source/RialtoGStreamerEMEProtectionMetadata.cpp to ingest queue
2025-08-28 06:59:46,830 - Knowledge - INFO - Found code-base-name: https://github.com/kavia-common/rialto-ocdm-12661.git:kavia-6.0.0-rc1
2025-08-28 06:59:46,830 - Knowledge - INFO - Found code_base: <app.utils.kg_build.knowledge.KnowledgeCodeBase object at 0x7fe350229490>
2025-08-28 06:59:46,830 - Knowledge - INFO - persist ingested knowledge for /app/data/b2c/12661/b6273fu/rialto-ocdm-12661/tests/ut/CMakeLists.txt
2025-08-28 06:59:46,833 - Knowledge - INFO - adding /app/data/b2c/12661/b6273fu/rialto-ocdm-12661/library/source/OpenCDMSystemPrivate.cpp to ingest queue
2025-08-28 06:59:46,834 - Knowledge - INFO - worker kw6 pull /app/data/b2c/12661/b6273fu/rialto-ocdm-12661/tests/mocks/MediaKeysCapabilitiesMock.h from ingest queue
2025-08-28 06:59:46,834 - Knowledge - INFO - worker kw9 pull /app/data/b2c/12661/b6273fu/rialto-ocdm-12661/tests/mocks/CMakeLists.txt from ingest queue
2025-08-28 06:59:46,836 - Knowledge - INFO - adding /app/data/b2c/12661/b6273fu/rialto-ocdm-12661/tests/ut/CdmBackendTests.cpp to ingest queue
2025-08-28 06:59:46,837 - Knowledge - INFO - worker kw25 pull /app/data/b2c/12661/b6273fu/rialto-ocdm-12661/tests/mocks/ControlMock.h from ingest queue
2025-08-28 06:59:46,892 - Knowledge - INFO - process ingested knowledge for /app/data/b2c/12661/b6273fu/rialto-ocdm-12661/tests/mocks/CdmBackendMock.h
2025-08-28 06:59:46,901 - Knowledge - INFO - process ingested knowledge for /app/data/b2c/12661/b6273fu/rialto-ocdm-12661/tests/mocks/CMakeLists.txt
2025-08-28 06:59:46,905 - Knowledge - INFO - process ingested knowledge for /app/data/b2c/12661/b6273fu/rialto-ocdm-12661/tests/mocks/OcdmSessionsCallbacksMock.h
2025-08-28 06:59:46,913 - Knowledge - INFO - process ingested knowledge for /app/data/b2c/12661/b6273fu/rialto-ocdm-12661/tests/mocks/OpenCDMSessionMock.h
2025-08-28 06:59:46,914 - Knowledge - INFO - process ingested knowledge for /app/data/b2c/12661/b6273fu/rialto-ocdm-12661/tests/mocks/MediaKeysCapabilitiesMock.h
2025-08-28 06:59:46,916 - Knowledge - INFO - process ingested knowledge for /app/data/b2c/12661/b6273fu/rialto-ocdm-12661/tests/mocks/ControlMock.h
2025-08-28 06:59:47,031 - Knowledge - INFO - adding /app/data/b2c/12661/b6273fu/rialto-ocdm-12661/tests/ut/MediaKeysCapabilitiesBackendTests.cpp to ingest queue
2025-08-28 06:59:47,033 - Knowledge - INFO - worker kw12 pull /app/data/b2c/12661/b6273fu/rialto-ocdm-12661/tests/mocks/MessageDispatcherClientMock.h from ingest queue
2025-08-28 06:59:47,040 - Knowledge - INFO - Found code-base-name: https://github.com/kavia-common/rialto-ocdm-12661.git:kavia-6.0.0-rc1
2025-08-28 06:59:47,040 - Knowledge - INFO - Found code_base: <app.utils.kg_build.knowledge.KnowledgeCodeBase object at 0x7fe350229490>
2025-08-28 06:59:47,040 - Knowledge - INFO - persist ingested knowledge for /app/data/b2c/12661/b6273fu/rialto-ocdm-12661/tests/ut/OpenCdmTests.cpp
2025-08-28 06:59:47,121 - Knowledge - INFO - process ingested knowledge for /app/data/b2c/12661/b6273fu/rialto-ocdm-12661/tests/mocks/MessageDispatcherClientMock.h
2025-08-28 06:59:47,167 - Knowledge - INFO - worker kw8 pull /app/data/b2c/12661/b6273fu/rialto-ocdm-12661/tests/mocks/MediaKeysClientMock.h from ingest queue
2025-08-28 06:59:47,167 - Knowledge - INFO - Found code-base-name: https://github.com/kavia-common/rialto-ocdm-12661.git:kavia-6.0.0-rc1
2025-08-28 06:59:47,168 - Knowledge - INFO - Found code_base: <app.utils.kg_build.knowledge.KnowledgeCodeBase object at 0x7fe350229490>
2025-08-28 06:59:47,168 - Knowledge - INFO - persist ingested knowledge for /app/data/b2c/12661/b6273fu/rialto-ocdm-12661/tests/ut/OpenCdmSystemTests.cpp
2025-08-28 06:59:47,168 - Knowledge - INFO - worker kw3 pull /app/data/b2c/12661/b6273fu/rialto-ocdm-12661/tests/mocks/OpenCDMSystemMock.h from ingest queue
2025-08-28 06:59:47,212 - Knowledge - INFO - process ingested knowledge for /app/data/b2c/12661/b6273fu/rialto-ocdm-12661/tests/mocks/OpenCDMSystemMock.h
2025-08-28 06:59:47,214 - Knowledge - INFO - process ingested knowledge for /app/data/b2c/12661/b6273fu/rialto-ocdm-12661/tests/mocks/MediaKeysClientMock.h
2025-08-28 06:59:47,248 - Knowledge - INFO - worker kw15 pull /app/data/b2c/12661/b6273fu/rialto-ocdm-12661/CONTRIBUTING.md from ingest queue
2025-08-28 06:59:47,249 - Knowledge - INFO - worker kw10 pull /app/data/b2c/12661/b6273fu/rialto-ocdm-12661/CHANGELOG.md from ingest queue
2025-08-28 06:59:47,288 - Knowledge - INFO - process ingested knowledge for /app/data/b2c/12661/b6273fu/rialto-ocdm-12661/CHANGELOG.md
2025-08-28 06:59:47,295 - Knowledge - INFO - process ingested knowledge for /app/data/b2c/12661/b6273fu/rialto-ocdm-12661/CONTRIBUTING.md
2025-08-28 06:59:47,331 - Knowledge - INFO - adding /app/data/b2c/12661/b6273fu/rialto-ocdm-12661/library/include/RialtoGStreamerEMEProtectionMetadata.h to ingest queue
2025-08-28 06:59:47,459 - Knowledge - INFO - worker kw7 pull /app/data/b2c/12661/b6273fu/rialto-ocdm-12661/build_ut.py from ingest queue
2025-08-28 06:59:47,460 - Knowledge - INFO - Found code-base-name: https://github.com/kavia-common/rialto-ocdm-12661.git:kavia-6.0.0-rc1
2025-08-28 06:59:47,460 - Knowledge - INFO - Found code_base: <app.utils.kg_build.knowledge.KnowledgeCodeBase object at 0x7fe350229490>
2025-08-28 06:59:47,461 - Knowledge - INFO - persist ingested knowledge for /app/data/b2c/12661/b6273fu/rialto-ocdm-12661/tests/mocks/MessageDispatcherMock.h
2025-08-28 06:59:47,509 - Knowledge - INFO - process ingested knowledge for /app/data/b2c/12661/b6273fu/rialto-ocdm-12661/build_ut.py
2025-08-28 06:59:47,531 - Knowledge - INFO - adding /app/data/b2c/12661/b6273fu/rialto-ocdm-12661/tests/mocks/MessageDispatcherMock.h to ingest queue
2025-08-28 06:59:47,531 - Knowledge - INFO - worker kw13 pull /app/data/b2c/12661/b6273fu/rialto-ocdm-12661/scripts/cpplint/cpplint.py from ingest queue
2025-08-28 06:59:47,531 - Knowledge - INFO - Thread kw13 - File cpplint.py - Remaining files in queue: 40
2025-08-28 06:59:47,531 - Knowledge - INFO - start ingest for /app/data/b2c/12661/b6273fu/rialto-ocdm-12661/scripts/cpplint/cpplint.py
2025-08-28 06:59:47,532 - Knowledge - INFO - Found code-base-name: https://github.com/kavia-common/rialto-ocdm-12661.git:kavia-6.0.0-rc1
2025-08-28 06:59:47,532 - Knowledge - INFO - Found code_base: <app.utils.kg_build.knowledge.KnowledgeCodeBase object at 0x7fe350229490>
2025-08-28 06:59:47,532 - Knowledge - INFO - persist ingested knowledge for /app/data/b2c/12661/b6273fu/rialto-ocdm-12661/tests/mocks/ControlMock.h
2025-08-28 06:59:47,532 - Knowledge - INFO - Found code-base-name: https://github.com/kavia-common/rialto-ocdm-12661.git:kavia-6.0.0-rc1
2025-08-28 06:59:47,532 - Knowledge - INFO - Found code_base: <app.utils.kg_build.knowledge.KnowledgeCodeBase object at 0x7fe350229490>
2025-08-28 06:59:47,532 - Knowledge - INFO - persist ingested knowledge for /app/data/b2c/12661/b6273fu/rialto-ocdm-12661/tests/mocks/MediaKeysCapabilitiesMock.h
2025-08-28 06:59:47,534 - Knowledge - INFO - adding /app/data/b2c/12661/b6273fu/rialto-ocdm-12661/tests/ut/OpenCdmAdapterTests.cpp to ingest queue
2025-08-28 06:59:47,535 - Knowledge - INFO - adding /app/data/b2c/12661/b6273fu/rialto-ocdm-12661/library/source/open_cdm.cpp to ingest queue
2025-08-28 06:59:47,637 - Knowledge - INFO - adding /app/data/b2c/12661/b6273fu/rialto-ocdm-12661/tests/ut/OpenCdmExtTests.cpp to ingest queue
2025-08-28 06:59:47,638 - Knowledge - INFO - Found code-base-name: https://github.com/kavia-common/rialto-ocdm-12661.git:kavia-6.0.0-rc1
2025-08-28 06:59:47,638 - Knowledge - INFO - Found code_base: <app.utils.kg_build.knowledge.KnowledgeCodeBase object at 0x7fe350229490>
2025-08-28 06:59:47,638 - Knowledge - INFO - persist ingested knowledge for /app/data/b2c/12661/b6273fu/rialto-ocdm-12661/tests/mocks/MessageDispatcherClientMock.h
2025-08-28 06:59:47,639 - Knowledge - INFO - adding /app/data/b2c/12661/b6273fu/rialto-ocdm-12661/tests/ut/OpenCdmTests.cpp to ingest queue
2025-08-28 06:59:47,639 - Knowledge - INFO - worker kw18 pull /app/data/b2c/12661/b6273fu/rialto-ocdm-12661/scripts/valgrind/process_valgrind_results.py from ingest queue
2025-08-28 06:59:47,639 - Knowledge - INFO - Thread kw18 - File process_valgrind_results.py - Remaining files in queue: 43
2025-08-28 06:59:47,639 - Knowledge - INFO - start ingest for /app/data/b2c/12661/b6273fu/rialto-ocdm-12661/scripts/valgrind/process_valgrind_results.py
2025-08-28 06:59:47,640 - Knowledge - INFO - Found code-base-name: https://github.com/kavia-common/rialto-ocdm-12661.git:kavia-6.0.0-rc1
2025-08-28 06:59:47,640 - Knowledge - INFO - Found code_base: <app.utils.kg_build.knowledge.KnowledgeCodeBase object at 0x7fe350229490>
2025-08-28 06:59:47,640 - Knowledge - INFO - persist ingested knowledge for /app/data/b2c/12661/b6273fu/rialto-ocdm-12661/tests/mocks/OpenCDMSystemMock.h
2025-08-28 06:59:47,774 - Knowledge - INFO - Found code-base-name: https://github.com/kavia-common/rialto-ocdm-12661.git:kavia-6.0.0-rc1
2025-08-28 06:59:47,774 - Knowledge - INFO - Found code_base: <app.utils.kg_build.knowledge.KnowledgeCodeBase object at 0x7fe350229490>
2025-08-28 06:59:47,774 - Knowledge - INFO - persist ingested knowledge for /app/data/b2c/12661/b6273fu/rialto-ocdm-12661/CHANGELOG.md
2025-08-28 06:59:47,775 - Knowledge - INFO - Found code-base-name: https://github.com/kavia-common/rialto-ocdm-12661.git:kavia-6.0.0-rc1
2025-08-28 06:59:47,775 - Knowledge - INFO - Found code_base: <app.utils.kg_build.knowledge.KnowledgeCodeBase object at 0x7fe350229490>
2025-08-28 06:59:47,775 - Knowledge - INFO - persist ingested knowledge for /app/data/b2c/12661/b6273fu/rialto-ocdm-12661/CONTRIBUTING.md
2025-08-28 06:59:47,776 - Knowledge - INFO - worker kw14 pull /app/data/b2c/12661/b6273fu/rialto-ocdm-12661/library/include/Logger.h from ingest queue
2025-08-28 06:59:47,776 - Knowledge - INFO - Thread kw14 - File Logger.h - Remaining files in queue: 42
2025-08-28 06:59:47,776 - Knowledge - INFO - start ingest for /app/data/b2c/12661/b6273fu/rialto-ocdm-12661/library/include/Logger.h
2025-08-28 06:59:47,776 - Knowledge - INFO - adding /app/data/b2c/12661/b6273fu/rialto-ocdm-12661/tests/ut/OpenCdmSessionTests.cpp to ingest queue
2025-08-28 06:59:47,777 - Knowledge - INFO - adding /app/data/b2c/12661/b6273fu/rialto-ocdm-12661/tests/ut/LoggerTests.cpp to ingest queue
2025-08-28 06:59:47,778 - Knowledge - INFO - Found code-base-name: https://github.com/kavia-common/rialto-ocdm-12661.git:kavia-6.0.0-rc1
2025-08-28 06:59:47,779 - Knowledge - INFO - Found code_base: <app.utils.kg_build.knowledge.KnowledgeCodeBase object at 0x7fe350229490>
2025-08-28 06:59:47,779 - Knowledge - INFO - persist ingested knowledge for /app/data/b2c/12661/b6273fu/rialto-ocdm-12661/build_ut.py
2025-08-28 06:59:47,779 - Knowledge - INFO - Found code-base-name: https://github.com/kavia-common/rialto-ocdm-12661.git:kavia-6.0.0-rc1
2025-08-28 06:59:47,779 - Knowledge - INFO - Found code_base: <app.utils.kg_build.knowledge.KnowledgeCodeBase object at 0x7fe350229490>
2025-08-28 06:59:47,779 - Knowledge - INFO - persist ingested knowledge for /app/data/b2c/12661/b6273fu/rialto-ocdm-12661/tests/mocks/OpenCDMSessionMock.h
2025-08-28 06:59:47,781 - Knowledge - INFO - Found code-base-name: https://github.com/kavia-common/rialto-ocdm-12661.git:kavia-6.0.0-rc1
2025-08-28 06:59:47,781 - Knowledge - INFO - Found code_base: <app.utils.kg_build.knowledge.KnowledgeCodeBase object at 0x7fe350229490>
2025-08-28 06:59:47,781 - Knowledge - INFO - persist ingested knowledge for /app/data/b2c/12661/b6273fu/rialto-ocdm-12661/tests/mocks/CMakeLists.txt
2025-08-28 06:59:48,311 - Knowledge - INFO - worker kw2 pull /app/data/b2c/12661/b6273fu/rialto-ocdm-12661/TERMS.md from ingest queue
2025-08-28 06:59:48,311 - Knowledge - INFO - Thread kw2 - File TERMS.md - Remaining files in queue: 43
2025-08-28 06:59:48,312 - Knowledge - INFO - start ingest for /app/data/b2c/12661/b6273fu/rialto-ocdm-12661/TERMS.md
2025-08-28 06:59:48,316 - Knowledge - INFO - Fast-track processing for simple file: /app/data/b2c/12661/b6273fu/rialto-ocdm-12661/TERMS.md
2025-08-28 06:59:48,317 - Knowledge - INFO - done fast ingest for /app/data/b2c/12661/b6273fu/rialto-ocdm-12661/TERMS.md
2025-08-28 06:59:48,317 - Knowledge - INFO - process ingested knowledge for /app/data/b2c/12661/b6273fu/rialto-ocdm-12661/TERMS.md
2025-08-28 06:59:48,397 - Knowledge - INFO - worker kw23 pull /app/data/b2c/12661/b6273fu/rialto-ocdm-12661/docs/index.html from ingest queue
2025-08-28 06:59:48,398 - Knowledge - INFO - Thread kw23 - File index.html - Remaining files in queue: 42
2025-08-28 06:59:48,398 - Knowledge - INFO - start ingest for /app/data/b2c/12661/b6273fu/rialto-ocdm-12661/docs/index.html
2025-08-28 06:59:48,398 - Knowledge - INFO - worker kw24 pull /app/data/b2c/12661/b6273fu/rialto-ocdm-12661/cmake/googletest.cmake from ingest queue
2025-08-28 06:59:48,399 - Knowledge - INFO - Thread kw24 - File googletest.cmake - Remaining files in queue: 41
2025-08-28 06:59:48,399 - Knowledge - INFO - start ingest for /app/data/b2c/12661/b6273fu/rialto-ocdm-12661/cmake/googletest.cmake
2025-08-28 06:59:48,592 - Knowledge - INFO - adding /app/data/b2c/12661/b6273fu/rialto-ocdm-12661/tests/mocks/MediaKeysMock.h to ingest queue
2025-08-28 06:59:48,593 - Knowledge - INFO - worker kw4 pull /app/data/b2c/12661/b6273fu/rialto-ocdm-12661/library/include/OpenCDMSession.h from ingest queue
2025-08-28 06:59:48,593 - Knowledge - INFO - Thread kw4 - File OpenCDMSession.h - Remaining files in queue: 41
2025-08-28 06:59:48,593 - Knowledge - INFO - start ingest for /app/data/b2c/12661/b6273fu/rialto-ocdm-12661/library/include/OpenCDMSession.h
2025-08-28 06:59:48,693 - Knowledge - INFO - adding /app/data/b2c/12661/b6273fu/rialto-ocdm-12661/CONTRIBUTING.md to ingest queue
2025-08-28 06:59:48,693 - Knowledge - INFO - Found code-base-name: https://github.com/kavia-common/rialto-ocdm-12661.git:kavia-6.0.0-rc1
2025-08-28 06:59:48,694 - Knowledge - INFO - Found code_base: <app.utils.kg_build.knowledge.KnowledgeCodeBase object at 0x7fe350229490>
2025-08-28 06:59:48,694 - Knowledge - INFO - persist ingested knowledge for /app/data/b2c/12661/b6273fu/rialto-ocdm-12661/tests/mocks/CdmBackendMock.h
2025-08-28 06:59:48,695 - Knowledge - INFO - worker kw11 pull /app/data/b2c/12661/b6273fu/rialto-ocdm-12661/library/include/MediaKeysCapabilitiesBackend.h from ingest queue
2025-08-28 06:59:48,695 - Knowledge - INFO - Thread kw11 - File MediaKeysCapabilitiesBackend.h - Remaining files in queue: 41
2025-08-28 06:59:48,695 - Knowledge - INFO - start ingest for /app/data/b2c/12661/b6273fu/rialto-ocdm-12661/library/include/MediaKeysCapabilitiesBackend.h
2025-08-28 06:59:49,000 - Knowledge - INFO - Found code-base-name: https://github.com/kavia-common/rialto-ocdm-12661.git:kavia-6.0.0-rc1
2025-08-28 06:59:49,000 - Knowledge - INFO - Found code_base: <app.utils.kg_build.knowledge.KnowledgeCodeBase object at 0x7fe350229490>
2025-08-28 06:59:49,000 - Knowledge - INFO - persist ingested knowledge for /app/data/b2c/12661/b6273fu/rialto-ocdm-12661/tests/mocks/OcdmSessionsCallbacksMock.h
2025-08-28 06:59:49,232 - Knowledge - INFO - adding /app/data/b2c/12661/b6273fu/rialto-ocdm-12661/tests/mocks/ControlMock.h to ingest queue
2025-08-28 06:59:49,238 - Knowledge - INFO - adding /app/data/b2c/12661/b6273fu/rialto-ocdm-12661/tests/mocks/MediaKeysCapabilitiesMock.h to ingest queue
2025-08-28 06:59:49,238 - Knowledge - INFO - worker kw6 pull /app/data/b2c/12661/b6273fu/rialto-ocdm-12661/library/source/open_cdm_adapter.cpp from ingest queue
2025-08-28 06:59:49,239 - Knowledge - INFO - Thread kw6 - File open_cdm_adapter.cpp - Remaining files in queue: 42
2025-08-28 06:59:49,239 - Knowledge - INFO - start ingest for /app/data/b2c/12661/b6273fu/rialto-ocdm-12661/library/source/open_cdm_adapter.cpp
2025-08-28 06:59:49,264 - Knowledge - INFO - Found code-base-name: https://github.com/kavia-common/rialto-ocdm-12661.git:kavia-6.0.0-rc1
2025-08-28 06:59:49,264 - Knowledge - INFO - Found code_base: <app.utils.kg_build.knowledge.KnowledgeCodeBase object at 0x7fe350229490>
2025-08-28 06:59:49,264 - Knowledge - INFO - persist ingested knowledge for /app/data/b2c/12661/b6273fu/rialto-ocdm-12661/tests/mocks/MediaKeysClientMock.h
2025-08-28 06:59:49,268 - Knowledge - INFO - adding /app/data/b2c/12661/b6273fu/rialto-ocdm-12661/tests/third-party/source/MediaKeysCapabilitiesFactory.cpp to ingest queue
2025-08-28 06:59:49,270 - Knowledge - INFO - adding /app/data/b2c/12661/b6273fu/rialto-ocdm-12661/tests/mocks/OpenCDMSystemMock.h to ingest queue
2025-08-28 06:59:49,270 - Knowledge - INFO - worker kw3 pull /app/data/b2c/12661/b6273fu/rialto-ocdm-12661/library/include/OpenCDMSystem.h from ingest queue
2025-08-28 06:59:49,270 - Knowledge - INFO - Thread kw3 - File OpenCDMSystem.h - Remaining files in queue: 43
2025-08-28 06:59:49,271 - Knowledge - INFO - start ingest for /app/data/b2c/12661/b6273fu/rialto-ocdm-12661/library/include/OpenCDMSystem.h
2025-08-28 06:59:49,272 - Knowledge - INFO - adding /app/data/b2c/12661/b6273fu/rialto-ocdm-12661/tests/ut/CMakeLists.txt to ingest queue
2025-08-28 06:59:49,301 - Knowledge - INFO - worker kw17 pull /app/data/b2c/12661/b6273fu/rialto-ocdm-12661/cmake/FindRialto.cmake from ingest queue
2025-08-28 06:59:49,302 - Knowledge - INFO - Thread kw17 - File FindRialto.cmake - Remaining files in queue: 43
2025-08-28 06:59:49,302 - Knowledge - INFO - start ingest for /app/data/b2c/12661/b6273fu/rialto-ocdm-12661/cmake/FindRialto.cmake
2025-08-28 06:59:49,566 - Knowledge - INFO - adding /app/data/b2c/12661/b6273fu/rialto-ocdm-12661/build_ut.py to ingest queue
2025-08-28 06:59:49,822 - Knowledge - INFO - adding /app/data/b2c/12661/b6273fu/rialto-ocdm-12661/tests/mocks/OpenCDMSessionMock.h to ingest queue
2025-08-28 06:59:49,829 - Knowledge - INFO - adding /app/data/b2c/12661/b6273fu/rialto-ocdm-12661/tests/mocks/CMakeLists.txt to ingest queue
2025-08-28 06:59:49,844 - Knowledge - INFO - Found code-base-name: https://github.com/kavia-common/rialto-ocdm-12661.git:kavia-6.0.0-rc1
2025-08-28 06:59:49,844 - Knowledge - INFO - Found code_base: <app.utils.kg_build.knowledge.KnowledgeCodeBase object at 0x7fe350229490>
2025-08-28 06:59:49,844 - Knowledge - INFO - persist ingested knowledge for /app/data/b2c/12661/b6273fu/rialto-ocdm-12661/TERMS.md
2025-08-28 06:59:49,871 - Knowledge - INFO - adding /app/data/b2c/12661/b6273fu/rialto-ocdm-12661/tests/ut/ActiveSessionsTests.cpp to ingest queue
2025-08-28 06:59:50,374 - Knowledge - INFO - worker kw22 pull /app/data/b2c/12661/b6273fu/rialto-ocdm-12661/CMakeLists.txt from ingest queue
2025-08-28 06:59:50,375 - Knowledge - INFO - Thread kw22 - File CMakeLists.txt - Remaining files in queue: 46
2025-08-28 06:59:50,375 - Knowledge - INFO - start ingest for /app/data/b2c/12661/b6273fu/rialto-ocdm-12661/CMakeLists.txt
2025-08-28 06:59:50,378 - Knowledge - INFO - worker kw15 pull /app/data/b2c/12661/b6273fu/rialto-ocdm-12661/library/include/OpenCDMSystemPrivate.h from ingest queue
2025-08-28 06:59:50,378 - Knowledge - INFO - Thread kw15 - File OpenCDMSystemPrivate.h - Remaining files in queue: 45
2025-08-28 06:59:50,379 - Knowledge - INFO - start ingest for /app/data/b2c/12661/b6273fu/rialto-ocdm-12661/library/include/OpenCDMSystemPrivate.h
2025-08-28 06:59:50,381 - Knowledge - INFO - adding /app/data/b2c/12661/b6273fu/rialto-ocdm-12661/tests/ut/OpenCdmSystemTests.cpp to ingest queue
2025-08-28 06:59:50,385 - Knowledge - INFO - worker kw1 pull /app/data/b2c/12661/b6273fu/rialto-ocdm-12661/library/include/ICdmBackend.h from ingest queue
2025-08-28 06:59:50,385 - Knowledge - INFO - Thread kw1 - File ICdmBackend.h - Remaining files in queue: 45
2025-08-28 06:59:50,385 - Knowledge - INFO - start ingest for /app/data/b2c/12661/b6273fu/rialto-ocdm-12661/library/include/ICdmBackend.h
2025-08-28 06:59:50,389 - Knowledge - INFO - adding /app/data/b2c/12661/b6273fu/rialto-ocdm-12661/tests/mocks/CdmBackendMock.h to ingest queue
2025-08-28 06:59:50,390 - Knowledge - INFO - worker kw25 pull /app/data/b2c/12661/b6273fu/rialto-ocdm-12661/scripts/clang-format/process_clang-format_errors.py from ingest queue
2025-08-28 06:59:50,391 - Knowledge - INFO - Thread kw25 - File process_clang-format_errors.py - Remaining files in queue: 45
2025-08-28 06:59:50,391 - Knowledge - INFO - start ingest for /app/data/b2c/12661/b6273fu/rialto-ocdm-12661/scripts/clang-format/process_clang-format_errors.py
2025-08-28 06:59:50,404 - Knowledge - INFO - adding /app/data/b2c/12661/b6273fu/rialto-ocdm-12661/tests/mocks/OcdmSessionsCallbacksMock.h to ingest queue
2025-08-28 06:59:50,406 - Knowledge - INFO - worker kw9 pull /app/data/b2c/12661/b6273fu/rialto-ocdm-12661/library/CMakeLists.txt from ingest queue
2025-08-28 06:59:50,407 - Knowledge - INFO - Thread kw9 - File CMakeLists.txt - Remaining files in queue: 45
2025-08-28 06:59:50,466 - Knowledge - INFO - start ingest for /app/data/b2c/12661/b6273fu/rialto-ocdm-12661/library/CMakeLists.txt
2025-08-28 06:59:50,588 - Knowledge - INFO - Fast-track processing for simple file: /app/data/b2c/12661/b6273fu/rialto-ocdm-12661/CMakeLists.txt
2025-08-28 06:59:50,588 - Knowledge - INFO - done fast ingest for /app/data/b2c/12661/b6273fu/rialto-ocdm-12661/CMakeLists.txt
2025-08-28 06:59:50,593 - Knowledge - INFO - process ingested knowledge for /app/data/b2c/12661/b6273fu/rialto-ocdm-12661/CMakeLists.txt
2025-08-28 06:59:50,595 - Knowledge - INFO - Fast-track processing for simple file: /app/data/b2c/12661/b6273fu/rialto-ocdm-12661/library/CMakeLists.txt
2025-08-28 06:59:50,596 - Knowledge - INFO - done fast ingest for /app/data/b2c/12661/b6273fu/rialto-ocdm-12661/library/CMakeLists.txt
2025-08-28 06:59:50,625 - Knowledge - INFO - process ingested knowledge for /app/data/b2c/12661/b6273fu/rialto-ocdm-12661/library/CMakeLists.txt
2025-08-28 06:59:51,082 - Knowledge - INFO - worker kw19 pull /app/data/b2c/12661/b6273fu/rialto-ocdm-12661/library/source/ActiveSessions.cpp from ingest queue
2025-08-28 06:59:51,083 - Knowledge - INFO - Thread kw19 - File ActiveSessions.cpp - Remaining files in queue: 44
2025-08-28 06:59:51,083 - Knowledge - INFO - start ingest for /app/data/b2c/12661/b6273fu/rialto-ocdm-12661/library/source/ActiveSessions.cpp
2025-08-28 06:59:51,086 - Knowledge - INFO - adding /app/data/b2c/12661/b6273fu/rialto-ocdm-12661/tests/mocks/MessageDispatcherClientMock.h to ingest queue
2025-08-28 06:59:51,093 - Knowledge - INFO - adding /app/data/b2c/12661/b6273fu/rialto-ocdm-12661/CHANGELOG.md to ingest queue
2025-08-28 06:59:51,102 - Knowledge - INFO - worker kw20 pull /app/data/b2c/12661/b6273fu/rialto-ocdm-12661/library/source/OpenCDMSessionPrivate.cpp from ingest queue
2025-08-28 06:59:51,102 - Knowledge - INFO - Thread kw20 - File OpenCDMSessionPrivate.cpp - Remaining files in queue: 45
2025-08-28 06:59:51,103 - Knowledge - INFO - start ingest for /app/data/b2c/12661/b6273fu/rialto-ocdm-12661/library/source/OpenCDMSessionPrivate.cpp
2025-08-28 06:59:51,176 - Knowledge - INFO - worker kw7 pull /app/data/b2c/12661/b6273fu/rialto-ocdm-12661/library/source/open_cdm_ext.cpp from ingest queue
2025-08-28 06:59:51,177 - Knowledge - INFO - Thread kw7 - File open_cdm_ext.cpp - Remaining files in queue: 44
2025-08-28 06:59:51,177 - Knowledge - INFO - start ingest for /app/data/b2c/12661/b6273fu/rialto-ocdm-12661/library/source/open_cdm_ext.cpp
2025-08-28 06:59:51,184 - Knowledge - INFO - worker kw5 pull /app/data/b2c/12661/b6273fu/rialto-ocdm-12661/library/include/MessageDispatcher.h from ingest queue
2025-08-28 06:59:51,184 - Knowledge - INFO - Thread kw5 - File MessageDispatcher.h - Remaining files in queue: 43
2025-08-28 06:59:51,184 - Knowledge - INFO - start ingest for /app/data/b2c/12661/b6273fu/rialto-ocdm-12661/library/include/MessageDispatcher.h
2025-08-28 06:59:51,191 - Knowledge - INFO - worker kw16 pull /app/data/b2c/12661/b6273fu/rialto-ocdm-12661/library/include/IMessageDispatcher.h from ingest queue
2025-08-28 06:59:51,192 - Knowledge - INFO - Thread kw16 - File IMessageDispatcher.h - Remaining files in queue: 42
2025-08-28 06:59:51,192 - Knowledge - INFO - start ingest for /app/data/b2c/12661/b6273fu/rialto-ocdm-12661/library/include/IMessageDispatcher.h
2025-08-28 06:59:51,192 - Knowledge - INFO - Found code-base-name: https://github.com/kavia-common/rialto-ocdm-12661.git:kavia-6.0.0-rc1
2025-08-28 06:59:51,192 - Knowledge - INFO - Found code_base: <app.utils.kg_build.knowledge.KnowledgeCodeBase object at 0x7fe350229490>
2025-08-28 06:59:51,192 - Knowledge - INFO - persist ingested knowledge for /app/data/b2c/12661/b6273fu/rialto-ocdm-12661/CMakeLists.txt
2025-08-28 06:59:51,205 - Knowledge - INFO - worker kw2 pull /app/data/b2c/12661/b6273fu/rialto-ocdm-12661/library/include/OpenCDMSessionPrivate.h from ingest queue
2025-08-28 06:59:51,205 - Knowledge - INFO - Thread kw2 - File OpenCDMSessionPrivate.h - Remaining files in queue: 41
2025-08-28 06:59:51,207 - Knowledge - INFO - start ingest for /app/data/b2c/12661/b6273fu/rialto-ocdm-12661/library/include/OpenCDMSessionPrivate.h
2025-08-28 06:59:51,210 - Knowledge - INFO - worker kw10 pull /app/data/b2c/12661/b6273fu/rialto-ocdm-12661/library/include/ActiveSessions.h from ingest queue
2025-08-28 06:59:51,211 - Knowledge - INFO - Thread kw10 - File ActiveSessions.h - Remaining files in queue: 40
2025-08-28 06:59:51,211 - Knowledge - INFO - start ingest for /app/data/b2c/12661/b6273fu/rialto-ocdm-12661/library/include/ActiveSessions.h
2025-08-28 06:59:51,266 - Knowledge - INFO - worker kw21 pull /app/data/b2c/12661/b6273fu/rialto-ocdm-12661/library/source/Logger.cpp from ingest queue
2025-08-28 06:59:51,266 - Knowledge - INFO - Thread kw21 - File Logger.cpp - Remaining files in queue: 39
2025-08-28 06:59:51,266 - Knowledge - INFO - start ingest for /app/data/b2c/12661/b6273fu/rialto-ocdm-12661/library/source/Logger.cpp
2025-08-28 06:59:52,073 - Knowledge - INFO - Found code-base-name: https://github.com/kavia-common/rialto-ocdm-12661.git:kavia-6.0.0-rc1
2025-08-28 06:59:52,073 - Knowledge - INFO - Found code_base: <app.utils.kg_build.knowledge.KnowledgeCodeBase object at 0x7fe350229490>
2025-08-28 06:59:52,073 - Knowledge - INFO - persist ingested knowledge for /app/data/b2c/12661/b6273fu/rialto-ocdm-12661/library/CMakeLists.txt
2025-08-28 06:59:52,805 - Knowledge - INFO - worker kw22 pull /app/data/b2c/12661/b6273fu/rialto-ocdm-12661/library/source/CdmBackend.cpp from ingest queue
2025-08-28 06:59:52,806 - Knowledge - INFO - Thread kw22 - File CdmBackend.cpp - Remaining files in queue: 38
2025-08-28 06:59:52,806 - Knowledge - INFO - start ingest for /app/data/b2c/12661/b6273fu/rialto-ocdm-12661/library/source/CdmBackend.cpp
2025-08-28 06:59:53,391 - Knowledge - INFO - adding /app/data/b2c/12661/b6273fu/rialto-ocdm-12661/tests/mocks/MediaKeysClientMock.h to ingest queue
2025-08-28 06:59:53,398 - Knowledge - INFO - worker kw9 pull /app/data/b2c/12661/b6273fu/rialto-ocdm-12661/library/include/CdmBackend.h from ingest queue
2025-08-28 06:59:53,398 - Knowledge - INFO - Thread kw9 - File CdmBackend.h - Remaining files in queue: 38
2025-08-28 06:59:53,398 - Knowledge - INFO - start ingest for /app/data/b2c/12661/b6273fu/rialto-ocdm-12661/library/include/CdmBackend.h
2025-08-28 06:59:53,402 - Knowledge - INFO - worker kw12 pull /app/data/b2c/12661/b6273fu/rialto-ocdm-12661/cppcheck_suppressions.xml from ingest queue
2025-08-28 06:59:53,402 - Knowledge - INFO - Thread kw12 - File cppcheck_suppressions.xml - Remaining files in queue: 37
2025-08-28 06:59:53,402 - Knowledge - INFO - start ingest for /app/data/b2c/12661/b6273fu/rialto-ocdm-12661/cppcheck_suppressions.xml
2025-08-28 06:59:53,406 - Knowledge - INFO - worker kw8 pull /app/data/b2c/12661/b6273fu/rialto-ocdm-12661/tests/third-party/source/MediaKeysFactory.cpp from ingest queue
2025-08-28 06:59:53,406 - Knowledge - INFO - Thread kw8 - File MediaKeysFactory.cpp - Remaining files in queue: 36
2025-08-28 06:59:53,406 - Knowledge - INFO - start ingest for /app/data/b2c/12661/b6273fu/rialto-ocdm-12661/tests/third-party/source/MediaKeysFactory.cpp
2025-08-28 06:59:53,490 - Knowledge - INFO - Fast-track processing for simple file: /app/data/b2c/12661/b6273fu/rialto-ocdm-12661/cppcheck_suppressions.xml
2025-08-28 06:59:53,490 - Knowledge - INFO - done fast ingest for /app/data/b2c/12661/b6273fu/rialto-ocdm-12661/cppcheck_suppressions.xml
2025-08-28 06:59:53,491 - Knowledge - INFO - process ingested knowledge for /app/data/b2c/12661/b6273fu/rialto-ocdm-12661/cppcheck_suppressions.xml
2025-08-28 06:59:53,491 - Knowledge - INFO - Found code-base-name: https://github.com/kavia-common/rialto-ocdm-12661.git:kavia-6.0.0-rc1
2025-08-28 06:59:53,491 - Knowledge - INFO - Found code_base: <app.utils.kg_build.knowledge.KnowledgeCodeBase object at 0x7fe350229490>
2025-08-28 06:59:53,491 - Knowledge - INFO - persist ingested knowledge for /app/data/b2c/12661/b6273fu/rialto-ocdm-12661/cppcheck_suppressions.xml
2025-08-28 06:59:54,194 - Knowledge - INFO - worker kw12 pull /app/data/b2c/12661/b6273fu/rialto-ocdm-12661/README.md from ingest queue
2025-08-28 06:59:54,195 - Knowledge - INFO - Thread kw12 - File README.md - Remaining files in queue: 35
2025-08-28 06:59:54,195 - Knowledge - INFO - start ingest for /app/data/b2c/12661/b6273fu/rialto-ocdm-12661/README.md
2025-08-28 06:59:54,211 - Knowledge - INFO - Fast-track processing for simple file: /app/data/b2c/12661/b6273fu/rialto-ocdm-12661/README.md
2025-08-28 06:59:54,211 - Knowledge - INFO - done fast ingest for /app/data/b2c/12661/b6273fu/rialto-ocdm-12661/README.md
2025-08-28 06:59:54,219 - Knowledge - INFO - process ingested knowledge for /app/data/b2c/12661/b6273fu/rialto-ocdm-12661/README.md
2025-08-28 06:59:54,220 - Knowledge - INFO - Found code-base-name: https://github.com/kavia-common/rialto-ocdm-12661.git:kavia-6.0.0-rc1
2025-08-28 06:59:54,220 - Knowledge - INFO - Found code_base: <app.utils.kg_build.knowledge.KnowledgeCodeBase object at 0x7fe350229490>
2025-08-28 06:59:54,220 - Knowledge - INFO - persist ingested knowledge for /app/data/b2c/12661/b6273fu/rialto-ocdm-12661/README.md
2025-08-28 06:59:55,080 - Knowledge - INFO - worker kw12 pull /app/data/b2c/12661/b6273fu/rialto-ocdm-12661/tests/third-party/source/ControlFactory.cpp from ingest queue
2025-08-28 06:59:55,080 - Knowledge - INFO - Thread kw12 - File ControlFactory.cpp - Remaining files in queue: 34
2025-08-28 06:59:55,080 - Knowledge - INFO - start ingest for /app/data/b2c/12661/b6273fu/rialto-ocdm-12661/tests/third-party/source/ControlFactory.cpp
2025-08-28 07:00:02,721 - Knowledge - INFO - done ingest for /app/data/b2c/12661/b6273fu/rialto-ocdm-12661/cmake/googletest.cmake
2025-08-28 07:00:02,725 - Knowledge - INFO - process ingested knowledge for /app/data/b2c/12661/b6273fu/rialto-ocdm-12661/cmake/googletest.cmake
2025-08-28 07:00:02,725 - Knowledge - INFO - Found code-base-name: https://github.com/kavia-common/rialto-ocdm-12661.git:kavia-6.0.0-rc1
2025-08-28 07:00:02,725 - Knowledge - INFO - Found code_base: <app.utils.kg_build.knowledge.KnowledgeCodeBase object at 0x7fe350229490>
2025-08-28 07:00:02,725 - Knowledge - INFO - persist ingested knowledge for /app/data/b2c/12661/b6273fu/rialto-ocdm-12661/cmake/googletest.cmake
2025-08-28 07:00:02,731 - Knowledge - INFO - done ingest for /app/data/b2c/12661/b6273fu/rialto-ocdm-12661/docs/index.html
2025-08-28 07:00:02,732 - Knowledge - INFO - process ingested knowledge for /app/data/b2c/12661/b6273fu/rialto-ocdm-12661/docs/index.html
2025-08-28 07:00:03,383 - Knowledge - INFO - Found code-base-name: https://github.com/kavia-common/rialto-ocdm-12661.git:kavia-6.0.0-rc1
2025-08-28 07:00:03,383 - Knowledge - INFO - Found code_base: <app.utils.kg_build.knowledge.KnowledgeCodeBase object at 0x7fe350229490>
2025-08-28 07:00:03,383 - Knowledge - INFO - persist ingested knowledge for /app/data/b2c/12661/b6273fu/rialto-ocdm-12661/docs/index.html
2025-08-28 07:00:04,418 - Knowledge - INFO - worker kw24 pull /app/data/b2c/12661/b6273fu/rialto-ocdm-12661/library/source/MediaKeysCapabilitiesBackend.cpp from ingest queue
2025-08-28 07:00:04,418 - Knowledge - INFO - Thread kw24 - File MediaKeysCapabilitiesBackend.cpp - Remaining files in queue: 33
2025-08-28 07:00:04,419 - Knowledge - INFO - start ingest for /app/data/b2c/12661/b6273fu/rialto-ocdm-12661/library/source/MediaKeysCapabilitiesBackend.cpp
2025-08-28 07:00:04,422 - Knowledge - INFO - worker kw23 pull /app/data/b2c/12661/b6273fu/rialto-ocdm-12661/tests/ut/MessageDispatcherTests.cpp from ingest queue
2025-08-28 07:00:04,422 - Knowledge - INFO - Thread kw23 - File MessageDispatcherTests.cpp - Remaining files in queue: 32
2025-08-28 07:00:04,427 - Knowledge - INFO - start ingest for /app/data/b2c/12661/b6273fu/rialto-ocdm-12661/tests/ut/MessageDispatcherTests.cpp
2025-08-28 07:00:12,083 - Knowledge - INFO - done ingest for /app/data/b2c/12661/b6273fu/rialto-ocdm-12661/cmake/FindRialto.cmake
2025-08-28 07:00:12,084 - Knowledge - INFO - process ingested knowledge for /app/data/b2c/12661/b6273fu/rialto-ocdm-12661/cmake/FindRialto.cmake
2025-08-28 07:00:12,084 - Knowledge - INFO - Found code-base-name: https://github.com/kavia-common/rialto-ocdm-12661.git:kavia-6.0.0-rc1
2025-08-28 07:00:12,084 - Knowledge - INFO - Found code_base: <app.utils.kg_build.knowledge.KnowledgeCodeBase object at 0x7fe350229490>
2025-08-28 07:00:12,084 - Knowledge - INFO - persist ingested knowledge for /app/data/b2c/12661/b6273fu/rialto-ocdm-12661/cmake/FindRialto.cmake
2025-08-28 07:00:12,786 - Knowledge - INFO - worker kw17 pull /app/data/b2c/12661/b6273fu/rialto-ocdm-12661/library/source/MessageDispatcher.cpp from ingest queue
2025-08-28 07:00:12,786 - Knowledge - INFO - Thread kw17 - File MessageDispatcher.cpp - Remaining files in queue: 31
2025-08-28 07:00:12,786 - Knowledge - INFO - start ingest for /app/data/b2c/12661/b6273fu/rialto-ocdm-12661/library/source/MessageDispatcher.cpp
2025-08-28 07:01:32,349 - Knowledge - INFO - done ingest for /app/data/b2c/12661/b6273fu/rialto-ocdm-12661/tests/third-party/source/MediaKeysFactory.cpp
2025-08-28 07:01:32,621 - Knowledge - INFO - process ingested knowledge for /app/data/b2c/12661/b6273fu/rialto-ocdm-12661/tests/third-party/source/MediaKeysFactory.cpp
2025-08-28 07:01:32,622 - Knowledge - INFO - Found code-base-name: https://github.com/kavia-common/rialto-ocdm-12661.git:kavia-6.0.0-rc1
2025-08-28 07:01:32,622 - Knowledge - INFO - Found code_base: <app.utils.kg_build.knowledge.KnowledgeCodeBase object at 0x7fe350229490>
2025-08-28 07:01:32,622 - Knowledge - INFO - persist ingested knowledge for /app/data/b2c/12661/b6273fu/rialto-ocdm-12661/tests/third-party/source/MediaKeysFactory.cpp
2025-08-28 07:01:36,193 - Knowledge - INFO - persist search terms embedding for tests/third-party/source/MediaKeysFactory.cpp
2025-08-28 07:01:36,194 - Knowledge - INFO - worker kw8 pull /app/data/b2c/12661/b6273fu/rialto-ocdm-12661/tests/third-party/CMakeLists.txt from ingest queue
2025-08-28 07:01:36,194 - Knowledge - INFO - Thread kw8 - File CMakeLists.txt - Remaining files in queue: 30
2025-08-28 07:01:36,195 - Knowledge - INFO - start ingest for /app/data/b2c/12661/b6273fu/rialto-ocdm-12661/tests/third-party/CMakeLists.txt
2025-08-28 07:01:36,268 - Knowledge - INFO - Fast-track processing for simple file: /app/data/b2c/12661/b6273fu/rialto-ocdm-12661/tests/third-party/CMakeLists.txt
2025-08-28 07:01:36,269 - Knowledge - INFO - done fast ingest for /app/data/b2c/12661/b6273fu/rialto-ocdm-12661/tests/third-party/CMakeLists.txt
2025-08-28 07:01:36,269 - Knowledge - INFO - process ingested knowledge for /app/data/b2c/12661/b6273fu/rialto-ocdm-12661/tests/third-party/CMakeLists.txt
2025-08-28 07:01:36,269 - Knowledge - INFO - Found code-base-name: https://github.com/kavia-common/rialto-ocdm-12661.git:kavia-6.0.0-rc1
2025-08-28 07:01:36,269 - Knowledge - INFO - Found code_base: <app.utils.kg_build.knowledge.KnowledgeCodeBase object at 0x7fe350229490>
2025-08-28 07:01:36,270 - Knowledge - INFO - persist ingested knowledge for /app/data/b2c/12661/b6273fu/rialto-ocdm-12661/tests/third-party/CMakeLists.txt
2025-08-28 07:01:36,982 - Knowledge - INFO - worker kw8 pull /app/data/b2c/12661/b6273fu/rialto-ocdm-12661/tests/third-party/source/OcdmSessionsCallbacks.cpp from ingest queue
2025-08-28 07:01:36,982 - Knowledge - INFO - Thread kw8 - File OcdmSessionsCallbacks.cpp - Remaining files in queue: 29
2025-08-28 07:01:36,982 - Knowledge - INFO - start ingest for /app/data/b2c/12661/b6273fu/rialto-ocdm-12661/tests/third-party/source/OcdmSessionsCallbacks.cpp
2025-08-28 07:01:45,707 - Knowledge - INFO - done ingest for /app/data/b2c/12661/b6273fu/rialto-ocdm-12661/library/include/IMessageDispatcher.h
2025-08-28 07:01:45,802 - Knowledge - INFO - process ingested knowledge for /app/data/b2c/12661/b6273fu/rialto-ocdm-12661/library/include/IMessageDispatcher.h
2025-08-28 07:01:45,805 - Knowledge - INFO - Found code-base-name: https://github.com/kavia-common/rialto-ocdm-12661.git:kavia-6.0.0-rc1
2025-08-28 07:01:45,805 - Knowledge - INFO - Found code_base: <app.utils.kg_build.knowledge.KnowledgeCodeBase object at 0x7fe350229490>
2025-08-28 07:01:45,805 - Knowledge - INFO - persist ingested knowledge for /app/data/b2c/12661/b6273fu/rialto-ocdm-12661/library/include/IMessageDispatcher.h
2025-08-28 07:01:47,608 - Knowledge - INFO - persist search terms embedding for library/include/IMessageDispatcher.h
2025-08-28 07:01:47,670 - Knowledge - INFO - worker kw16 pull /app/data/b2c/12661/b6273fu/rialto-ocdm-12661/library/source/RialtoGStreamerEMEProtectionMetadata.cpp from ingest queue
2025-08-28 07:01:47,670 - Knowledge - INFO - Thread kw16 - File RialtoGStreamerEMEProtectionMetadata.cpp - Remaining files in queue: 28
2025-08-28 07:01:47,676 - Knowledge - INFO - start ingest for /app/data/b2c/12661/b6273fu/rialto-ocdm-12661/library/source/RialtoGStreamerEMEProtectionMetadata.cpp
2025-08-28 07:01:48,517 - Knowledge - INFO - done ingest for /app/data/b2c/12661/b6273fu/rialto-ocdm-12661/scripts/valgrind/process_valgrind_results.py
2025-08-28 07:01:48,671 - Knowledge - INFO - process ingested knowledge for /app/data/b2c/12661/b6273fu/rialto-ocdm-12661/scripts/valgrind/process_valgrind_results.py
2025-08-28 07:01:48,672 - Knowledge - INFO - Found code-base-name: https://github.com/kavia-common/rialto-ocdm-12661.git:kavia-6.0.0-rc1
2025-08-28 07:01:48,672 - Knowledge - INFO - Found code_base: <app.utils.kg_build.knowledge.KnowledgeCodeBase object at 0x7fe350229490>
2025-08-28 07:01:48,672 - Knowledge - INFO - persist ingested knowledge for /app/data/b2c/12661/b6273fu/rialto-ocdm-12661/scripts/valgrind/process_valgrind_results.py
2025-08-28 07:01:50,674 - Knowledge - INFO - persist search terms embedding for scripts/valgrind/process_valgrind_results.py
2025-08-28 07:01:50,676 - Knowledge - INFO - worker kw18 pull /app/data/b2c/12661/b6273fu/rialto-ocdm-12661/library/source/OpenCDMSystemPrivate.cpp from ingest queue
2025-08-28 07:01:50,677 - Knowledge - INFO - Thread kw18 - File OpenCDMSystemPrivate.cpp - Remaining files in queue: 27
2025-08-28 07:01:50,677 - Knowledge - INFO - start ingest for /app/data/b2c/12661/b6273fu/rialto-ocdm-12661/library/source/OpenCDMSystemPrivate.cpp
2025-08-28 07:01:59,181 - Knowledge - INFO - done ingest for /app/data/b2c/12661/b6273fu/rialto-ocdm-12661/scripts/clang-format/process_clang-format_errors.py
2025-08-28 07:01:59,494 - Knowledge - INFO - process ingested knowledge for /app/data/b2c/12661/b6273fu/rialto-ocdm-12661/scripts/clang-format/process_clang-format_errors.py
2025-08-28 07:01:59,495 - Knowledge - INFO - Found code-base-name: https://github.com/kavia-common/rialto-ocdm-12661.git:kavia-6.0.0-rc1
2025-08-28 07:01:59,495 - Knowledge - INFO - Found code_base: <app.utils.kg_build.knowledge.KnowledgeCodeBase object at 0x7fe350229490>
2025-08-28 07:01:59,495 - Knowledge - INFO - persist ingested knowledge for /app/data/b2c/12661/b6273fu/rialto-ocdm-12661/scripts/clang-format/process_clang-format_errors.py
2025-08-28 07:02:00,165 - Knowledge - INFO - done ingest for /app/data/b2c/12661/b6273fu/rialto-ocdm-12661/tests/third-party/source/ControlFactory.cpp
2025-08-28 07:02:00,470 - Knowledge - INFO - process ingested knowledge for /app/data/b2c/12661/b6273fu/rialto-ocdm-12661/tests/third-party/source/ControlFactory.cpp
2025-08-28 07:02:01,996 - Knowledge - INFO - persist search terms embedding for scripts/clang-format/process_clang-format_errors.py
2025-08-28 07:02:02,070 - Knowledge - INFO - Found code-base-name: https://github.com/kavia-common/rialto-ocdm-12661.git:kavia-6.0.0-rc1
2025-08-28 07:02:02,070 - Knowledge - INFO - Found code_base: <app.utils.kg_build.knowledge.KnowledgeCodeBase object at 0x7fe350229490>
2025-08-28 07:02:02,070 - Knowledge - INFO - persist ingested knowledge for /app/data/b2c/12661/b6273fu/rialto-ocdm-12661/tests/third-party/source/ControlFactory.cpp
2025-08-28 07:02:03,879 - Knowledge - INFO - persist search terms embedding for tests/third-party/source/ControlFactory.cpp
2025-08-28 07:02:03,880 - Knowledge - INFO - worker kw12 pull /app/data/b2c/12661/b6273fu/rialto-ocdm-12661/tests/ut/CdmBackendTests.cpp from ingest queue
2025-08-28 07:02:03,881 - Knowledge - INFO - Thread kw12 - File CdmBackendTests.cpp - Remaining files in queue: 26
2025-08-28 07:02:03,883 - Knowledge - INFO - start ingest for /app/data/b2c/12661/b6273fu/rialto-ocdm-12661/tests/ut/CdmBackendTests.cpp
2025-08-28 07:02:03,887 - Knowledge - INFO - worker kw25 pull /app/data/b2c/12661/b6273fu/rialto-ocdm-12661/tests/ut/MediaKeysCapabilitiesBackendTests.cpp from ingest queue
2025-08-28 07:02:03,887 - Knowledge - INFO - Thread kw25 - File MediaKeysCapabilitiesBackendTests.cpp - Remaining files in queue: 25
2025-08-28 07:02:03,888 - Knowledge - INFO - start ingest for /app/data/b2c/12661/b6273fu/rialto-ocdm-12661/tests/ut/MediaKeysCapabilitiesBackendTests.cpp
2025-08-28 07:02:38,291 - Knowledge - INFO - done ingest for /app/data/b2c/12661/b6273fu/rialto-ocdm-12661/library/source/open_cdm_adapter.cpp
2025-08-28 07:02:38,410 - Knowledge - INFO - process ingested knowledge for /app/data/b2c/12661/b6273fu/rialto-ocdm-12661/library/source/open_cdm_adapter.cpp
2025-08-28 07:02:38,410 - Knowledge - INFO - Found code-base-name: https://github.com/kavia-common/rialto-ocdm-12661.git:kavia-6.0.0-rc1
2025-08-28 07:02:38,410 - Knowledge - INFO - Found code_base: <app.utils.kg_build.knowledge.KnowledgeCodeBase object at 0x7fe350229490>
2025-08-28 07:02:38,411 - Knowledge - INFO - persist ingested knowledge for /app/data/b2c/12661/b6273fu/rialto-ocdm-12661/library/source/open_cdm_adapter.cpp
2025-08-28 07:02:40,213 - Knowledge - INFO - persist search terms embedding for library/source/open_cdm_adapter.cpp
2025-08-28 07:02:40,222 - Knowledge - INFO - worker kw6 pull /app/data/b2c/12661/b6273fu/rialto-ocdm-12661/library/include/RialtoGStreamerEMEProtectionMetadata.h from ingest queue
2025-08-28 07:02:40,222 - Knowledge - INFO - Thread kw6 - File RialtoGStreamerEMEProtectionMetadata.h - Remaining files in queue: 24
2025-08-28 07:02:40,224 - Knowledge - INFO - start ingest for /app/data/b2c/12661/b6273fu/rialto-ocdm-12661/library/include/RialtoGStreamerEMEProtectionMetadata.h
2025-08-28 07:02:46,320 - Knowledge - INFO - done ingest for /app/data/b2c/12661/b6273fu/rialto-ocdm-12661/library/include/ActiveSessions.h
2025-08-28 07:02:46,484 - Knowledge - INFO - process ingested knowledge for /app/data/b2c/12661/b6273fu/rialto-ocdm-12661/library/include/ActiveSessions.h
2025-08-28 07:02:46,484 - Knowledge - INFO - Found code-base-name: https://github.com/kavia-common/rialto-ocdm-12661.git:kavia-6.0.0-rc1
2025-08-28 07:02:46,485 - Knowledge - INFO - Found code_base: <app.utils.kg_build.knowledge.KnowledgeCodeBase object at 0x7fe350229490>
2025-08-28 07:02:46,485 - Knowledge - INFO - persist ingested knowledge for /app/data/b2c/12661/b6273fu/rialto-ocdm-12661/library/include/ActiveSessions.h
2025-08-28 07:02:46,886 - Knowledge - INFO - done ingest for /app/data/b2c/12661/b6273fu/rialto-ocdm-12661/library/include/MediaKeysCapabilitiesBackend.h
2025-08-28 07:02:47,285 - Knowledge - INFO - process ingested knowledge for /app/data/b2c/12661/b6273fu/rialto-ocdm-12661/library/include/MediaKeysCapabilitiesBackend.h
2025-08-28 07:02:48,673 - Knowledge - INFO - persist search terms embedding for library/include/ActiveSessions.h
2025-08-28 07:02:48,695 - Knowledge - INFO - Found code-base-name: https://github.com/kavia-common/rialto-ocdm-12661.git:kavia-6.0.0-rc1
2025-08-28 07:02:48,695 - Knowledge - INFO - Found code_base: <app.utils.kg_build.knowledge.KnowledgeCodeBase object at 0x7fe350229490>
2025-08-28 07:02:48,695 - Knowledge - INFO - persist ingested knowledge for /app/data/b2c/12661/b6273fu/rialto-ocdm-12661/library/include/MediaKeysCapabilitiesBackend.h
2025-08-28 07:02:49,965 - Knowledge - INFO - persist search terms embedding for library/include/MediaKeysCapabilitiesBackend.h
2025-08-28 07:02:49,965 - Knowledge - INFO - worker kw11 pull /app/data/b2c/12661/b6273fu/rialto-ocdm-12661/tests/mocks/MessageDispatcherMock.h from ingest queue
2025-08-28 07:02:49,966 - Knowledge - INFO - Thread kw11 - File MessageDispatcherMock.h - Remaining files in queue: 23
2025-08-28 07:02:49,971 - Knowledge - INFO - start ingest for /app/data/b2c/12661/b6273fu/rialto-ocdm-12661/tests/mocks/MessageDispatcherMock.h
2025-08-28 07:02:49,977 - Knowledge - INFO - worker kw10 pull /app/data/b2c/12661/b6273fu/rialto-ocdm-12661/tests/ut/OpenCdmAdapterTests.cpp from ingest queue
2025-08-28 07:02:49,978 - Knowledge - INFO - Thread kw10 - File OpenCdmAdapterTests.cpp - Remaining files in queue: 22
2025-08-28 07:02:49,978 - Knowledge - INFO - start ingest for /app/data/b2c/12661/b6273fu/rialto-ocdm-12661/tests/ut/OpenCdmAdapterTests.cpp
2025-08-28 07:03:02,669 - Knowledge - INFO - done ingest for /app/data/b2c/12661/b6273fu/rialto-ocdm-12661/library/source/ActiveSessions.cpp
2025-08-28 07:03:02,799 - Knowledge - INFO - process ingested knowledge for /app/data/b2c/12661/b6273fu/rialto-ocdm-12661/library/source/ActiveSessions.cpp
2025-08-28 07:03:02,800 - Knowledge - INFO - Found code-base-name: https://github.com/kavia-common/rialto-ocdm-12661.git:kavia-6.0.0-rc1
2025-08-28 07:03:02,800 - Knowledge - INFO - Found code_base: <app.utils.kg_build.knowledge.KnowledgeCodeBase object at 0x7fe350229490>
2025-08-28 07:03:02,800 - Knowledge - INFO - persist ingested knowledge for /app/data/b2c/12661/b6273fu/rialto-ocdm-12661/library/source/ActiveSessions.cpp
2025-08-28 07:03:04,464 - Knowledge - INFO - persist search terms embedding for library/source/ActiveSessions.cpp
2025-08-28 07:03:04,465 - Knowledge - INFO - worker kw19 pull /app/data/b2c/12661/b6273fu/rialto-ocdm-12661/library/source/open_cdm.cpp from ingest queue
2025-08-28 07:03:04,465 - Knowledge - INFO - Thread kw19 - File open_cdm.cpp - Remaining files in queue: 21
2025-08-28 07:03:04,465 - Knowledge - INFO - start ingest for /app/data/b2c/12661/b6273fu/rialto-ocdm-12661/library/source/open_cdm.cpp
2025-08-28 07:03:34,892 - Knowledge - INFO - done ingest for /app/data/b2c/12661/b6273fu/rialto-ocdm-12661/tests/ut/MessageDispatcherTests.cpp
2025-08-28 07:03:35,196 - Knowledge - INFO - process ingested knowledge for /app/data/b2c/12661/b6273fu/rialto-ocdm-12661/tests/ut/MessageDispatcherTests.cpp
2025-08-28 07:03:35,196 - Knowledge - INFO - Found code-base-name: https://github.com/kavia-common/rialto-ocdm-12661.git:kavia-6.0.0-rc1
2025-08-28 07:03:35,196 - Knowledge - INFO - Found code_base: <app.utils.kg_build.knowledge.KnowledgeCodeBase object at 0x7fe350229490>
2025-08-28 07:03:35,198 - Knowledge - INFO - persist ingested knowledge for /app/data/b2c/12661/b6273fu/rialto-ocdm-12661/tests/ut/MessageDispatcherTests.cpp
2025-08-28 07:03:37,148 - Knowledge - INFO - persist search terms embedding for tests/ut/MessageDispatcherTests.cpp
2025-08-28 07:03:37,149 - Knowledge - INFO - worker kw23 pull /app/data/b2c/12661/b6273fu/rialto-ocdm-12661/tests/ut/OpenCdmExtTests.cpp from ingest queue
2025-08-28 07:03:37,149 - Knowledge - INFO - Thread kw23 - File OpenCdmExtTests.cpp - Remaining files in queue: 20
2025-08-28 07:03:37,165 - Knowledge - INFO - start ingest for /app/data/b2c/12661/b6273fu/rialto-ocdm-12661/tests/ut/OpenCdmExtTests.cpp
2025-08-28 07:03:39,798 - Knowledge - INFO - done ingest for /app/data/b2c/12661/b6273fu/rialto-ocdm-12661/library/source/MediaKeysCapabilitiesBackend.cpp
2025-08-28 07:03:40,000 - Knowledge - INFO - process ingested knowledge for /app/data/b2c/12661/b6273fu/rialto-ocdm-12661/library/source/MediaKeysCapabilitiesBackend.cpp
2025-08-28 07:03:40,000 - Knowledge - INFO - Found code-base-name: https://github.com/kavia-common/rialto-ocdm-12661.git:kavia-6.0.0-rc1
2025-08-28 07:03:40,000 - Knowledge - INFO - Found code_base: <app.utils.kg_build.knowledge.KnowledgeCodeBase object at 0x7fe350229490>
2025-08-28 07:03:40,000 - Knowledge - INFO - persist ingested knowledge for /app/data/b2c/12661/b6273fu/rialto-ocdm-12661/library/source/MediaKeysCapabilitiesBackend.cpp
2025-08-28 07:03:41,880 - Knowledge - INFO - persist search terms embedding for library/source/MediaKeysCapabilitiesBackend.cpp
2025-08-28 07:03:41,881 - Knowledge - INFO - worker kw24 pull /app/data/b2c/12661/b6273fu/rialto-ocdm-12661/tests/ut/OpenCdmTests.cpp from ingest queue
2025-08-28 07:03:41,881 - Knowledge - INFO - Thread kw24 - File OpenCdmTests.cpp - Remaining files in queue: 19
2025-08-28 07:03:41,910 - Knowledge - INFO - start ingest for /app/data/b2c/12661/b6273fu/rialto-ocdm-12661/tests/ut/OpenCdmTests.cpp
2025-08-28 07:03:46,971 - Knowledge - INFO - done ingest for /app/data/b2c/12661/b6273fu/rialto-ocdm-12661/library/include/OpenCDMSystem.h
2025-08-28 07:03:47,088 - Knowledge - INFO - process ingested knowledge for /app/data/b2c/12661/b6273fu/rialto-ocdm-12661/library/include/OpenCDMSystem.h
2025-08-28 07:03:47,088 - Knowledge - INFO - Found code-base-name: https://github.com/kavia-common/rialto-ocdm-12661.git:kavia-6.0.0-rc1
2025-08-28 07:03:47,088 - Knowledge - INFO - Found code_base: <app.utils.kg_build.knowledge.KnowledgeCodeBase object at 0x7fe350229490>
2025-08-28 07:03:47,088 - Knowledge - INFO - persist ingested knowledge for /app/data/b2c/12661/b6273fu/rialto-ocdm-12661/library/include/OpenCDMSystem.h
2025-08-28 07:03:49,574 - Knowledge - INFO - persist search terms embedding for library/include/OpenCDMSystem.h
2025-08-28 07:03:49,576 - Knowledge - INFO - worker kw3 pull /app/data/b2c/12661/b6273fu/rialto-ocdm-12661/tests/ut/OpenCdmSessionTests.cpp from ingest queue
2025-08-28 07:03:49,576 - Knowledge - INFO - Thread kw3 - File OpenCdmSessionTests.cpp - Remaining files in queue: 18
2025-08-28 07:03:49,576 - Knowledge - INFO - start ingest for /app/data/b2c/12661/b6273fu/rialto-ocdm-12661/tests/ut/OpenCdmSessionTests.cpp
2025-08-28 07:03:51,101 - Knowledge - INFO - done ingest for /app/data/b2c/12661/b6273fu/rialto-ocdm-12661/library/include/Logger.h
2025-08-28 07:03:51,477 - Knowledge - INFO - process ingested knowledge for /app/data/b2c/12661/b6273fu/rialto-ocdm-12661/library/include/Logger.h
2025-08-28 07:03:51,477 - Knowledge - INFO - Found code-base-name: https://github.com/kavia-common/rialto-ocdm-12661.git:kavia-6.0.0-rc1
2025-08-28 07:03:51,477 - Knowledge - INFO - Found code_base: <app.utils.kg_build.knowledge.KnowledgeCodeBase object at 0x7fe350229490>
2025-08-28 07:03:51,477 - Knowledge - INFO - persist ingested knowledge for /app/data/b2c/12661/b6273fu/rialto-ocdm-12661/library/include/Logger.h
2025-08-28 07:03:53,371 - Knowledge - INFO - persist search terms embedding for library/include/Logger.h
2025-08-28 07:03:53,385 - Knowledge - INFO - worker kw14 pull /app/data/b2c/12661/b6273fu/rialto-ocdm-12661/tests/ut/LoggerTests.cpp from ingest queue
2025-08-28 07:03:53,385 - Knowledge - INFO - Thread kw14 - File LoggerTests.cpp - Remaining files in queue: 17
2025-08-28 07:03:53,385 - Knowledge - INFO - start ingest for /app/data/b2c/12661/b6273fu/rialto-ocdm-12661/tests/ut/LoggerTests.cpp
2025-08-28 07:04:03,808 - Knowledge - INFO - done ingest for /app/data/b2c/12661/b6273fu/rialto-ocdm-12661/library/source/MessageDispatcher.cpp
2025-08-28 07:04:03,940 - Knowledge - INFO - process ingested knowledge for /app/data/b2c/12661/b6273fu/rialto-ocdm-12661/library/source/MessageDispatcher.cpp
2025-08-28 07:04:03,940 - Knowledge - INFO - Found code-base-name: https://github.com/kavia-common/rialto-ocdm-12661.git:kavia-6.0.0-rc1
2025-08-28 07:04:03,940 - Knowledge - INFO - Found code_base: <app.utils.kg_build.knowledge.KnowledgeCodeBase object at 0x7fe350229490>
2025-08-28 07:04:03,940 - Knowledge - INFO - persist ingested knowledge for /app/data/b2c/12661/b6273fu/rialto-ocdm-12661/library/source/MessageDispatcher.cpp
2025-08-28 07:04:06,776 - Knowledge - INFO - persist search terms embedding for library/source/MessageDispatcher.cpp
2025-08-28 07:04:06,840 - Knowledge - INFO - worker kw17 pull /app/data/b2c/12661/b6273fu/rialto-ocdm-12661/tests/mocks/MediaKeysMock.h from ingest queue
2025-08-28 07:04:06,840 - Knowledge - INFO - Thread kw17 - File MediaKeysMock.h - Remaining files in queue: 16
2025-08-28 07:04:06,841 - Knowledge - INFO - start ingest for /app/data/b2c/12661/b6273fu/rialto-ocdm-12661/tests/mocks/MediaKeysMock.h
2025-08-28 07:04:26,929 - Knowledge - INFO - done ingest for /app/data/b2c/12661/b6273fu/rialto-ocdm-12661/library/include/MessageDispatcher.h
2025-08-28 07:04:27,025 - Knowledge - INFO - process ingested knowledge for /app/data/b2c/12661/b6273fu/rialto-ocdm-12661/library/include/MessageDispatcher.h
2025-08-28 07:04:27,026 - Knowledge - INFO - Found code-base-name: https://github.com/kavia-common/rialto-ocdm-12661.git:kavia-6.0.0-rc1
2025-08-28 07:04:27,026 - Knowledge - INFO - Found code_base: <app.utils.kg_build.knowledge.KnowledgeCodeBase object at 0x7fe350229490>
2025-08-28 07:04:27,026 - Knowledge - INFO - persist ingested knowledge for /app/data/b2c/12661/b6273fu/rialto-ocdm-12661/library/include/MessageDispatcher.h
2025-08-28 07:04:29,084 - Knowledge - INFO - persist search terms embedding for library/include/MessageDispatcher.h
2025-08-28 07:04:29,389 - Knowledge - INFO - worker kw5 pull /app/data/b2c/12661/b6273fu/rialto-ocdm-12661/CONTRIBUTING.md from ingest queue
2025-08-28 07:04:29,390 - Knowledge - INFO - Thread kw5 - File CONTRIBUTING.md - Remaining files in queue: 15
2025-08-28 07:04:29,391 - Knowledge - INFO - start ingest for /app/data/b2c/12661/b6273fu/rialto-ocdm-12661/CONTRIBUTING.md
2025-08-28 07:04:29,555 - Knowledge - INFO - Fast-track processing for simple file: /app/data/b2c/12661/b6273fu/rialto-ocdm-12661/CONTRIBUTING.md
2025-08-28 07:04:29,555 - Knowledge - INFO - done fast ingest for /app/data/b2c/12661/b6273fu/rialto-ocdm-12661/CONTRIBUTING.md
2025-08-28 07:04:29,555 - Knowledge - INFO - process ingested knowledge for /app/data/b2c/12661/b6273fu/rialto-ocdm-12661/CONTRIBUTING.md
2025-08-28 07:04:29,556 - Knowledge - INFO - Found code-base-name: https://github.com/kavia-common/rialto-ocdm-12661.git:kavia-6.0.0-rc1
2025-08-28 07:04:29,556 - Knowledge - INFO - Found code_base: <app.utils.kg_build.knowledge.KnowledgeCodeBase object at 0x7fe350229490>
2025-08-28 07:04:29,556 - Knowledge - INFO - persist ingested knowledge for /app/data/b2c/12661/b6273fu/rialto-ocdm-12661/CONTRIBUTING.md
2025-08-28 07:04:30,295 - Knowledge - INFO - worker kw5 pull /app/data/b2c/12661/b6273fu/rialto-ocdm-12661/tests/mocks/ControlMock.h from ingest queue
2025-08-28 07:04:30,295 - Knowledge - INFO - Thread kw5 - File ControlMock.h - Remaining files in queue: 14
2025-08-28 07:04:30,296 - Knowledge - INFO - start ingest for /app/data/b2c/12661/b6273fu/rialto-ocdm-12661/tests/mocks/ControlMock.h
2025-08-28 07:04:30,573 - Knowledge - INFO - done ingest for /app/data/b2c/12661/b6273fu/rialto-ocdm-12661/library/include/OpenCDMSession.h
2025-08-28 07:04:31,101 - Knowledge - INFO - process ingested knowledge for /app/data/b2c/12661/b6273fu/rialto-ocdm-12661/library/include/OpenCDMSession.h
2025-08-28 07:04:31,102 - Knowledge - INFO - Found code-base-name: https://github.com/kavia-common/rialto-ocdm-12661.git:kavia-6.0.0-rc1
2025-08-28 07:04:31,102 - Knowledge - INFO - Found code_base: <app.utils.kg_build.knowledge.KnowledgeCodeBase object at 0x7fe350229490>
2025-08-28 07:04:31,102 - Knowledge - INFO - persist ingested knowledge for /app/data/b2c/12661/b6273fu/rialto-ocdm-12661/library/include/OpenCDMSession.h
2025-08-28 07:04:33,606 - Knowledge - INFO - persist search terms embedding for library/include/OpenCDMSession.h
2025-08-28 07:04:33,609 - Knowledge - INFO - worker kw4 pull /app/data/b2c/12661/b6273fu/rialto-ocdm-12661/tests/mocks/MediaKeysCapabilitiesMock.h from ingest queue
2025-08-28 07:04:33,610 - Knowledge - INFO - Thread kw4 - File MediaKeysCapabilitiesMock.h - Remaining files in queue: 13
2025-08-28 07:04:33,612 - Knowledge - INFO - start ingest for /app/data/b2c/12661/b6273fu/rialto-ocdm-12661/tests/mocks/MediaKeysCapabilitiesMock.h
2025-08-28 07:05:03,882 - Knowledge - INFO - done ingest for /app/data/b2c/12661/b6273fu/rialto-ocdm-12661/tests/mocks/MessageDispatcherMock.h
2025-08-28 07:05:04,077 - Knowledge - INFO - process ingested knowledge for /app/data/b2c/12661/b6273fu/rialto-ocdm-12661/tests/mocks/MessageDispatcherMock.h
2025-08-28 07:05:04,077 - Knowledge - INFO - Found code-base-name: https://github.com/kavia-common/rialto-ocdm-12661.git:kavia-6.0.0-rc1
2025-08-28 07:05:04,078 - Knowledge - INFO - Found code_base: <app.utils.kg_build.knowledge.KnowledgeCodeBase object at 0x7fe350229490>
2025-08-28 07:05:04,078 - Knowledge - INFO - persist ingested knowledge for /app/data/b2c/12661/b6273fu/rialto-ocdm-12661/tests/mocks/MessageDispatcherMock.h
2025-08-28 07:05:06,076 - Knowledge - INFO - persist search terms embedding for tests/mocks/MessageDispatcherMock.h
2025-08-28 07:05:06,080 - Knowledge - INFO - worker kw11 pull /app/data/b2c/12661/b6273fu/rialto-ocdm-12661/tests/third-party/source/MediaKeysCapabilitiesFactory.cpp from ingest queue
2025-08-28 07:05:06,080 - Knowledge - INFO - Thread kw11 - File MediaKeysCapabilitiesFactory.cpp - Remaining files in queue: 12
2025-08-28 07:05:06,080 - Knowledge - INFO - start ingest for /app/data/b2c/12661/b6273fu/rialto-ocdm-12661/tests/third-party/source/MediaKeysCapabilitiesFactory.cpp
2025-08-28 07:05:08,985 - Knowledge - INFO - done ingest for /app/data/b2c/12661/b6273fu/rialto-ocdm-12661/tests/third-party/source/OcdmSessionsCallbacks.cpp
2025-08-28 07:05:09,165 - Knowledge - INFO - process ingested knowledge for /app/data/b2c/12661/b6273fu/rialto-ocdm-12661/tests/third-party/source/OcdmSessionsCallbacks.cpp
2025-08-28 07:05:09,171 - Knowledge - INFO - Found code-base-name: https://github.com/kavia-common/rialto-ocdm-12661.git:kavia-6.0.0-rc1
2025-08-28 07:05:09,171 - Knowledge - INFO - Found code_base: <app.utils.kg_build.knowledge.KnowledgeCodeBase object at 0x7fe350229490>
2025-08-28 07:05:09,171 - Knowledge - INFO - persist ingested knowledge for /app/data/b2c/12661/b6273fu/rialto-ocdm-12661/tests/third-party/source/OcdmSessionsCallbacks.cpp
2025-08-28 07:05:11,182 - Knowledge - INFO - persist search terms embedding for tests/third-party/source/OcdmSessionsCallbacks.cpp
2025-08-28 07:05:11,283 - Knowledge - INFO - worker kw8 pull /app/data/b2c/12661/b6273fu/rialto-ocdm-12661/tests/mocks/OpenCDMSystemMock.h from ingest queue
2025-08-28 07:05:11,284 - Knowledge - INFO - Thread kw8 - File OpenCDMSystemMock.h - Remaining files in queue: 11
2025-08-28 07:05:11,284 - Knowledge - INFO - start ingest for /app/data/b2c/12661/b6273fu/rialto-ocdm-12661/tests/mocks/OpenCDMSystemMock.h
2025-08-28 07:05:17,098 - Knowledge - INFO - done ingest for /app/data/b2c/12661/b6273fu/rialto-ocdm-12661/library/source/RialtoGStreamerEMEProtectionMetadata.cpp
2025-08-28 07:05:17,280 - Knowledge - INFO - process ingested knowledge for /app/data/b2c/12661/b6273fu/rialto-ocdm-12661/library/source/RialtoGStreamerEMEProtectionMetadata.cpp
2025-08-28 07:05:17,280 - Knowledge - INFO - Found code-base-name: https://github.com/kavia-common/rialto-ocdm-12661.git:kavia-6.0.0-rc1
2025-08-28 07:05:17,281 - Knowledge - INFO - Found code_base: <app.utils.kg_build.knowledge.KnowledgeCodeBase object at 0x7fe350229490>
2025-08-28 07:05:17,281 - Knowledge - INFO - persist ingested knowledge for /app/data/b2c/12661/b6273fu/rialto-ocdm-12661/library/source/RialtoGStreamerEMEProtectionMetadata.cpp
2025-08-28 07:05:19,379 - Knowledge - INFO - persist search terms embedding for library/source/RialtoGStreamerEMEProtectionMetadata.cpp
2025-08-28 07:05:19,477 - Knowledge - INFO - worker kw16 pull /app/data/b2c/12661/b6273fu/rialto-ocdm-12661/tests/ut/CMakeLists.txt from ingest queue
2025-08-28 07:05:19,477 - Knowledge - INFO - Thread kw16 - File CMakeLists.txt - Remaining files in queue: 10
2025-08-28 07:05:19,479 - Knowledge - INFO - start ingest for /app/data/b2c/12661/b6273fu/rialto-ocdm-12661/tests/ut/CMakeLists.txt
2025-08-28 07:05:19,581 - Knowledge - INFO - Fast-track processing for simple file: /app/data/b2c/12661/b6273fu/rialto-ocdm-12661/tests/ut/CMakeLists.txt
2025-08-28 07:05:19,581 - Knowledge - INFO - done fast ingest for /app/data/b2c/12661/b6273fu/rialto-ocdm-12661/tests/ut/CMakeLists.txt
2025-08-28 07:05:19,581 - Knowledge - INFO - process ingested knowledge for /app/data/b2c/12661/b6273fu/rialto-ocdm-12661/tests/ut/CMakeLists.txt
2025-08-28 07:05:19,581 - Knowledge - INFO - Found code-base-name: https://github.com/kavia-common/rialto-ocdm-12661.git:kavia-6.0.0-rc1
2025-08-28 07:05:19,581 - Knowledge - INFO - Found code_base: <app.utils.kg_build.knowledge.KnowledgeCodeBase object at 0x7fe350229490>
2025-08-28 07:05:19,582 - Knowledge - INFO - persist ingested knowledge for /app/data/b2c/12661/b6273fu/rialto-ocdm-12661/tests/ut/CMakeLists.txt
2025-08-28 07:05:20,682 - Knowledge - INFO - worker kw16 pull /app/data/b2c/12661/b6273fu/rialto-ocdm-12661/build_ut.py from ingest queue
2025-08-28 07:05:20,682 - Knowledge - INFO - Thread kw16 - File build_ut.py - Remaining files in queue: 9
2025-08-28 07:05:20,682 - Knowledge - INFO - start ingest for /app/data/b2c/12661/b6273fu/rialto-ocdm-12661/build_ut.py
2025-08-28 07:05:29,867 - Knowledge - INFO - done ingest for /app/data/b2c/12661/b6273fu/rialto-ocdm-12661/library/include/ICdmBackend.h
2025-08-28 07:05:30,098 - Knowledge - INFO - process ingested knowledge for /app/data/b2c/12661/b6273fu/rialto-ocdm-12661/library/include/ICdmBackend.h
2025-08-28 07:05:30,099 - Knowledge - INFO - Found code-base-name: https://github.com/kavia-common/rialto-ocdm-12661.git:kavia-6.0.0-rc1
2025-08-28 07:05:30,099 - Knowledge - INFO - Found code_base: <app.utils.kg_build.knowledge.KnowledgeCodeBase object at 0x7fe350229490>
2025-08-28 07:05:30,099 - Knowledge - INFO - persist ingested knowledge for /app/data/b2c/12661/b6273fu/rialto-ocdm-12661/library/include/ICdmBackend.h
2025-08-28 07:05:32,175 - Knowledge - INFO - persist search terms embedding for library/include/ICdmBackend.h
2025-08-28 07:05:32,180 - Knowledge - INFO - worker kw1 pull /app/data/b2c/12661/b6273fu/rialto-ocdm-12661/tests/mocks/OpenCDMSessionMock.h from ingest queue
2025-08-28 07:05:32,180 - Knowledge - INFO - Thread kw1 - File OpenCDMSessionMock.h - Remaining files in queue: 8
2025-08-28 07:05:32,180 - Knowledge - INFO - start ingest for /app/data/b2c/12661/b6273fu/rialto-ocdm-12661/tests/mocks/OpenCDMSessionMock.h
2025-08-28 07:06:03,469 - Knowledge - INFO - done ingest for /app/data/b2c/12661/b6273fu/rialto-ocdm-12661/tests/ut/MediaKeysCapabilitiesBackendTests.cpp
2025-08-28 07:06:03,916 - Knowledge - INFO - process ingested knowledge for /app/data/b2c/12661/b6273fu/rialto-ocdm-12661/tests/ut/MediaKeysCapabilitiesBackendTests.cpp
2025-08-28 07:06:03,916 - Knowledge - INFO - Found code-base-name: https://github.com/kavia-common/rialto-ocdm-12661.git:kavia-6.0.0-rc1
2025-08-28 07:06:03,917 - Knowledge - INFO - Found code_base: <app.utils.kg_build.knowledge.KnowledgeCodeBase object at 0x7fe350229490>
2025-08-28 07:06:03,917 - Knowledge - INFO - persist ingested knowledge for /app/data/b2c/12661/b6273fu/rialto-ocdm-12661/tests/ut/MediaKeysCapabilitiesBackendTests.cpp
2025-08-28 07:06:04,464 - Knowledge - INFO - done ingest for /app/data/b2c/12661/b6273fu/rialto-ocdm-12661/library/include/OpenCDMSystemPrivate.h
2025-08-28 07:06:04,721 - Knowledge - INFO - process ingested knowledge for /app/data/b2c/12661/b6273fu/rialto-ocdm-12661/library/include/OpenCDMSystemPrivate.h
2025-08-28 07:06:06,650 - Knowledge - INFO - persist search terms embedding for tests/ut/MediaKeysCapabilitiesBackendTests.cpp
2025-08-28 07:06:06,656 - Knowledge - INFO - Found code-base-name: https://github.com/kavia-common/rialto-ocdm-12661.git:kavia-6.0.0-rc1
2025-08-28 07:06:06,657 - Knowledge - INFO - Found code_base: <app.utils.kg_build.knowledge.KnowledgeCodeBase object at 0x7fe350229490>
2025-08-28 07:06:06,658 - Knowledge - INFO - persist ingested knowledge for /app/data/b2c/12661/b6273fu/rialto-ocdm-12661/library/include/OpenCDMSystemPrivate.h
2025-08-28 07:06:08,485 - Knowledge - INFO - persist search terms embedding for library/include/OpenCDMSystemPrivate.h
2025-08-28 07:06:08,486 - Knowledge - INFO - worker kw25 pull /app/data/b2c/12661/b6273fu/rialto-ocdm-12661/tests/mocks/CMakeLists.txt from ingest queue
2025-08-28 07:06:08,486 - Knowledge - INFO - Thread kw25 - File CMakeLists.txt - Remaining files in queue: 7
2025-08-28 07:06:08,487 - Knowledge - INFO - start ingest for /app/data/b2c/12661/b6273fu/rialto-ocdm-12661/tests/mocks/CMakeLists.txt
2025-08-28 07:06:08,487 - Knowledge - INFO - worker kw15 pull /app/data/b2c/12661/b6273fu/rialto-ocdm-12661/tests/ut/ActiveSessionsTests.cpp from ingest queue
2025-08-28 07:06:08,487 - Knowledge - INFO - Thread kw15 - File ActiveSessionsTests.cpp - Remaining files in queue: 6
2025-08-28 07:06:08,490 - Knowledge - INFO - start ingest for /app/data/b2c/12661/b6273fu/rialto-ocdm-12661/tests/ut/ActiveSessionsTests.cpp
2025-08-28 07:06:08,597 - Knowledge - INFO - Fast-track processing for simple file: /app/data/b2c/12661/b6273fu/rialto-ocdm-12661/tests/mocks/CMakeLists.txt
2025-08-28 07:06:08,597 - Knowledge - INFO - done fast ingest for /app/data/b2c/12661/b6273fu/rialto-ocdm-12661/tests/mocks/CMakeLists.txt
2025-08-28 07:06:08,671 - Knowledge - INFO - process ingested knowledge for /app/data/b2c/12661/b6273fu/rialto-ocdm-12661/tests/mocks/CMakeLists.txt
2025-08-28 07:06:08,671 - Knowledge - INFO - Found code-base-name: https://github.com/kavia-common/rialto-ocdm-12661.git:kavia-6.0.0-rc1
2025-08-28 07:06:08,671 - Knowledge - INFO - Found code_base: <app.utils.kg_build.knowledge.KnowledgeCodeBase object at 0x7fe350229490>
2025-08-28 07:06:08,671 - Knowledge - INFO - persist ingested knowledge for /app/data/b2c/12661/b6273fu/rialto-ocdm-12661/tests/mocks/CMakeLists.txt
2025-08-28 07:06:09,387 - Knowledge - INFO - worker kw25 pull /app/data/b2c/12661/b6273fu/rialto-ocdm-12661/tests/ut/OpenCdmSystemTests.cpp from ingest queue
2025-08-28 07:06:09,388 - Knowledge - INFO - Thread kw25 - File OpenCdmSystemTests.cpp - Remaining files in queue: 5
2025-08-28 07:06:09,388 - Knowledge - INFO - start ingest for /app/data/b2c/12661/b6273fu/rialto-ocdm-12661/tests/ut/OpenCdmSystemTests.cpp
2025-08-28 07:06:16,676 - Knowledge - INFO - done ingest for /app/data/b2c/12661/b6273fu/rialto-ocdm-12661/tests/ut/LoggerTests.cpp
2025-08-28 07:06:16,789 - Knowledge - INFO - process ingested knowledge for /app/data/b2c/12661/b6273fu/rialto-ocdm-12661/tests/ut/LoggerTests.cpp
2025-08-28 07:06:16,789 - Knowledge - INFO - Found code-base-name: https://github.com/kavia-common/rialto-ocdm-12661.git:kavia-6.0.0-rc1
2025-08-28 07:06:16,789 - Knowledge - INFO - Found code_base: <app.utils.kg_build.knowledge.KnowledgeCodeBase object at 0x7fe350229490>
2025-08-28 07:06:16,789 - Knowledge - INFO - persist ingested knowledge for /app/data/b2c/12661/b6273fu/rialto-ocdm-12661/tests/ut/LoggerTests.cpp
2025-08-28 07:06:18,570 - Knowledge - INFO - persist search terms embedding for tests/ut/LoggerTests.cpp
2025-08-28 07:06:18,578 - Knowledge - INFO - worker kw14 pull /app/data/b2c/12661/b6273fu/rialto-ocdm-12661/tests/mocks/CdmBackendMock.h from ingest queue
2025-08-28 07:06:18,578 - Knowledge - INFO - Thread kw14 - File CdmBackendMock.h - Remaining files in queue: 4
2025-08-28 07:06:18,578 - Knowledge - INFO - start ingest for /app/data/b2c/12661/b6273fu/rialto-ocdm-12661/tests/mocks/CdmBackendMock.h
2025-08-28 07:06:25,097 - Knowledge - INFO - done ingest for /app/data/b2c/12661/b6273fu/rialto-ocdm-12661/library/include/RialtoGStreamerEMEProtectionMetadata.h
2025-08-28 07:06:25,490 - Knowledge - INFO - process ingested knowledge for /app/data/b2c/12661/b6273fu/rialto-ocdm-12661/library/include/RialtoGStreamerEMEProtectionMetadata.h
2025-08-28 07:06:25,490 - Knowledge - INFO - Found code-base-name: https://github.com/kavia-common/rialto-ocdm-12661.git:kavia-6.0.0-rc1
2025-08-28 07:06:25,490 - Knowledge - INFO - Found code_base: <app.utils.kg_build.knowledge.KnowledgeCodeBase object at 0x7fe350229490>
2025-08-28 07:06:25,490 - Knowledge - INFO - persist ingested knowledge for /app/data/b2c/12661/b6273fu/rialto-ocdm-12661/library/include/RialtoGStreamerEMEProtectionMetadata.h
2025-08-28 07:06:27,285 - Knowledge - INFO - persist search terms embedding for library/include/RialtoGStreamerEMEProtectionMetadata.h
2025-08-28 07:06:27,297 - Knowledge - INFO - worker kw6 pull /app/data/b2c/12661/b6273fu/rialto-ocdm-12661/tests/mocks/OcdmSessionsCallbacksMock.h from ingest queue
2025-08-28 07:06:27,297 - Knowledge - INFO - Thread kw6 - File OcdmSessionsCallbacksMock.h - Remaining files in queue: 3
2025-08-28 07:06:27,297 - Knowledge - INFO - start ingest for /app/data/b2c/12661/b6273fu/rialto-ocdm-12661/tests/mocks/OcdmSessionsCallbacksMock.h
2025-08-28 07:06:33,668 - Knowledge - ERROR - _service_ingest_queue had exception  for file /app/data/b2c/12661/b6273fu/rialto-ocdm-12661/scripts/cpplint/cpplint.py
Traceback (most recent call last):
  File "/usr/local/lib/python3.11/asyncio/tasks.py", line 500, in wait_for
    return fut.result()
           ^^^^^^^^^^^^
  File "/app/app/utils/kg_build/knowledge.py", line 1723, in _ingest_file
    response = await llm.llm_interaction_wrapper(
               ^^^^^^^^^^^^^^^^^^^^^^^^^^^^^^^^^^
  File "/usr/local/lib/python3.11/site-packages/llm_wrapper/core/llm_interface.py", line 341, in llm_interaction_wrapper
    completion = await invoke_llm()
                 ^^^^^^^^^^^^^^^^^^
  File "/usr/local/lib/python3.11/site-packages/llm_wrapper/core/llm_interface.py", line 287, in invoke_llm
    return await loop.run_in_executor(None, blocking_call_wrapper)
           ^^^^^^^^^^^^^^^^^^^^^^^^^^^^^^^^^^^^^^^^^^^^^^^^^^^^^^^
asyncio.exceptions.CancelledError

The above exception was the direct cause of the following exception:

Traceback (most recent call last):
  File "/app/app/utils/kg_build/knowledge.py", line 324, in _service_ingest_queue
    file_info = self.loop_worker.run_until_complete(asyncio.wait_for( knowledge._ingest_file(filename, self.mongo_handler), knowledge.timeout))
                ^^^^^^^^^^^^^^^^^^^^^^^^^^^^^^^^^^^^^^^^^^^^^^^^^^^^^^^^^^^^^^^^^^^^^^^^^^^^^^^^^^^^^^^^^^^^^^^^^^^^^^^^^^^^^^^^^^^^^^^^^^^^^^^
  File "/usr/local/lib/python3.11/asyncio/base_events.py", line 654, in run_until_complete
    return future.result()
           ^^^^^^^^^^^^^^^
  File "/usr/local/lib/python3.11/asyncio/tasks.py", line 502, in wait_for
    raise exceptions.TimeoutError() from exc
TimeoutError
2025-08-28 07:06:34,178 - Knowledge - INFO - process ingested knowledge for /app/data/b2c/12661/b6273fu/rialto-ocdm-12661/scripts/cpplint/cpplint.py
2025-08-28 07:06:34,178 - Knowledge - INFO - Found code-base-name: https://github.com/kavia-common/rialto-ocdm-12661.git:kavia-6.0.0-rc1
2025-08-28 07:06:34,178 - Knowledge - INFO - Found code_base: <app.utils.kg_build.knowledge.KnowledgeCodeBase object at 0x7fe350229490>
2025-08-28 07:06:34,178 - Knowledge - INFO - persist ingested knowledge for /app/data/b2c/12661/b6273fu/rialto-ocdm-12661/scripts/cpplint/cpplint.py
2025-08-28 07:06:34,776 - Knowledge - INFO - worker kw13 pull /app/data/b2c/12661/b6273fu/rialto-ocdm-12661/tests/mocks/MessageDispatcherClientMock.h from ingest queue
2025-08-28 07:06:34,776 - Knowledge - INFO - Thread kw13 - File MessageDispatcherClientMock.h - Remaining files in queue: 2
2025-08-28 07:06:34,779 - Knowledge - INFO - start ingest for /app/data/b2c/12661/b6273fu/rialto-ocdm-12661/tests/mocks/MessageDispatcherClientMock.h
2025-08-28 07:06:47,096 - Knowledge - INFO - done ingest for /app/data/b2c/12661/b6273fu/rialto-ocdm-12661/tests/ut/OpenCdmAdapterTests.cpp
2025-08-28 07:06:47,401 - Knowledge - INFO - process ingested knowledge for /app/data/b2c/12661/b6273fu/rialto-ocdm-12661/tests/ut/OpenCdmAdapterTests.cpp
2025-08-28 07:06:47,401 - Knowledge - INFO - Found code-base-name: https://github.com/kavia-common/rialto-ocdm-12661.git:kavia-6.0.0-rc1
2025-08-28 07:06:47,402 - Knowledge - INFO - Found code_base: <app.utils.kg_build.knowledge.KnowledgeCodeBase object at 0x7fe350229490>
2025-08-28 07:06:47,402 - Knowledge - INFO - persist ingested knowledge for /app/data/b2c/12661/b6273fu/rialto-ocdm-12661/tests/ut/OpenCdmAdapterTests.cpp
2025-08-28 07:06:49,571 - Knowledge - INFO - persist search terms embedding for tests/ut/OpenCdmAdapterTests.cpp
2025-08-28 07:06:49,578 - Knowledge - INFO - worker kw10 pull /app/data/b2c/12661/b6273fu/rialto-ocdm-12661/CHANGELOG.md from ingest queue
2025-08-28 07:06:49,578 - Knowledge - INFO - Thread kw10 - File CHANGELOG.md - Remaining files in queue: 1
2025-08-28 07:06:49,578 - Knowledge - INFO - start ingest for /app/data/b2c/12661/b6273fu/rialto-ocdm-12661/CHANGELOG.md
2025-08-28 07:06:49,900 - Knowledge - INFO - Fast-track processing for simple file: /app/data/b2c/12661/b6273fu/rialto-ocdm-12661/CHANGELOG.md
2025-08-28 07:06:49,901 - Knowledge - INFO - done fast ingest for /app/data/b2c/12661/b6273fu/rialto-ocdm-12661/CHANGELOG.md
2025-08-28 07:06:49,903 - Knowledge - INFO - process ingested knowledge for /app/data/b2c/12661/b6273fu/rialto-ocdm-12661/CHANGELOG.md
2025-08-28 07:06:49,903 - Knowledge - INFO - Found code-base-name: https://github.com/kavia-common/rialto-ocdm-12661.git:kavia-6.0.0-rc1
2025-08-28 07:06:49,903 - Knowledge - INFO - Found code_base: <app.utils.kg_build.knowledge.KnowledgeCodeBase object at 0x7fe350229490>
2025-08-28 07:06:49,903 - Knowledge - INFO - persist ingested knowledge for /app/data/b2c/12661/b6273fu/rialto-ocdm-12661/CHANGELOG.md
2025-08-28 07:06:50,897 - Knowledge - INFO - worker kw10 pull /app/data/b2c/12661/b6273fu/rialto-ocdm-12661/tests/mocks/MediaKeysClientMock.h from ingest queue
2025-08-28 07:06:50,898 - Knowledge - INFO - Thread kw10 - File MediaKeysClientMock.h - Remaining files in queue: 0
2025-08-28 07:06:50,976 - Knowledge - INFO - start ingest for /app/data/b2c/12661/b6273fu/rialto-ocdm-12661/tests/mocks/MediaKeysClientMock.h
2025-08-28 07:07:08,485 - Knowledge - INFO - done ingest for /app/data/b2c/12661/b6273fu/rialto-ocdm-12661/library/source/Logger.cpp
2025-08-28 07:07:08,695 - Knowledge - INFO - process ingested knowledge for /app/data/b2c/12661/b6273fu/rialto-ocdm-12661/library/source/Logger.cpp
2025-08-28 07:07:08,696 - Knowledge - INFO - Found code-base-name: https://github.com/kavia-common/rialto-ocdm-12661.git:kavia-6.0.0-rc1
2025-08-28 07:07:08,696 - Knowledge - INFO - Found code_base: <app.utils.kg_build.knowledge.KnowledgeCodeBase object at 0x7fe350229490>
2025-08-28 07:07:08,696 - Knowledge - INFO - persist ingested knowledge for /app/data/b2c/12661/b6273fu/rialto-ocdm-12661/library/source/Logger.cpp
2025-08-28 07:07:10,765 - Knowledge - INFO - persist search terms embedding for library/source/Logger.cpp
2025-08-28 07:07:29,591 - Knowledge - INFO - done ingest for /app/data/b2c/12661/b6273fu/rialto-ocdm-12661/library/include/CdmBackend.h
2025-08-28 07:07:29,894 - Knowledge - INFO - process ingested knowledge for /app/data/b2c/12661/b6273fu/rialto-ocdm-12661/library/include/CdmBackend.h
2025-08-28 07:07:29,894 - Knowledge - INFO - Found code-base-name: https://github.com/kavia-common/rialto-ocdm-12661.git:kavia-6.0.0-rc1
2025-08-28 07:07:29,894 - Knowledge - INFO - Found code_base: <app.utils.kg_build.knowledge.KnowledgeCodeBase object at 0x7fe350229490>
2025-08-28 07:07:29,894 - Knowledge - INFO - persist ingested knowledge for /app/data/b2c/12661/b6273fu/rialto-ocdm-12661/library/include/CdmBackend.h
2025-08-28 07:07:31,908 - Knowledge - INFO - persist search terms embedding for library/include/CdmBackend.h
2025-08-28 07:07:59,865 - Knowledge - INFO - done ingest for /app/data/b2c/12661/b6273fu/rialto-ocdm-12661/tests/mocks/ControlMock.h
2025-08-28 07:08:00,389 - Knowledge - INFO - process ingested knowledge for /app/data/b2c/12661/b6273fu/rialto-ocdm-12661/tests/mocks/ControlMock.h
2025-08-28 07:08:00,488 - Knowledge - INFO - Found code-base-name: https://github.com/kavia-common/rialto-ocdm-12661.git:kavia-6.0.0-rc1
2025-08-28 07:08:00,488 - Knowledge - INFO - Found code_base: <app.utils.kg_build.knowledge.KnowledgeCodeBase object at 0x7fe350229490>
2025-08-28 07:08:00,488 - Knowledge - INFO - persist ingested knowledge for /app/data/b2c/12661/b6273fu/rialto-ocdm-12661/tests/mocks/ControlMock.h
2025-08-28 07:08:00,595 - Knowledge - INFO - done ingest for /app/data/b2c/12661/b6273fu/rialto-ocdm-12661/library/source/OpenCDMSystemPrivate.cpp
2025-08-28 07:08:00,975 - Knowledge - INFO - process ingested knowledge for /app/data/b2c/12661/b6273fu/rialto-ocdm-12661/library/source/OpenCDMSystemPrivate.cpp
2025-08-28 07:08:03,514 - Knowledge - INFO - persist search terms embedding for tests/mocks/ControlMock.h
2025-08-28 07:08:03,722 - Knowledge - INFO - Found code-base-name: https://github.com/kavia-common/rialto-ocdm-12661.git:kavia-6.0.0-rc1
2025-08-28 07:08:03,723 - Knowledge - INFO - Found code_base: <app.utils.kg_build.knowledge.KnowledgeCodeBase object at 0x7fe350229490>
2025-08-28 07:08:03,723 - Knowledge - INFO - persist ingested knowledge for /app/data/b2c/12661/b6273fu/rialto-ocdm-12661/library/source/OpenCDMSystemPrivate.cpp
2025-08-28 07:08:05,463 - Knowledge - INFO - persist search terms embedding for library/source/OpenCDMSystemPrivate.cpp
2025-08-28 07:08:08,569 - Knowledge - INFO - done ingest for /app/data/b2c/12661/b6273fu/rialto-ocdm-12661/library/include/OpenCDMSessionPrivate.h
2025-08-28 07:08:08,772 - Knowledge - INFO - process ingested knowledge for /app/data/b2c/12661/b6273fu/rialto-ocdm-12661/library/include/OpenCDMSessionPrivate.h
2025-08-28 07:08:08,783 - Knowledge - INFO - Found code-base-name: https://github.com/kavia-common/rialto-ocdm-12661.git:kavia-6.0.0-rc1
2025-08-28 07:08:08,783 - Knowledge - INFO - Found code_base: <app.utils.kg_build.knowledge.KnowledgeCodeBase object at 0x7fe350229490>
2025-08-28 07:08:08,783 - Knowledge - INFO - persist ingested knowledge for /app/data/b2c/12661/b6273fu/rialto-ocdm-12661/library/include/OpenCDMSessionPrivate.h
2025-08-28 07:08:10,664 - Knowledge - INFO - persist search terms embedding for library/include/OpenCDMSessionPrivate.h
2025-08-28 07:08:14,865 - Knowledge - INFO - done ingest for /app/data/b2c/12661/b6273fu/rialto-ocdm-12661/tests/mocks/MessageDispatcherClientMock.h
2025-08-28 07:08:15,070 - Knowledge - INFO - process ingested knowledge for /app/data/b2c/12661/b6273fu/rialto-ocdm-12661/tests/mocks/MessageDispatcherClientMock.h
2025-08-28 07:08:15,168 - Knowledge - INFO - Found code-base-name: https://github.com/kavia-common/rialto-ocdm-12661.git:kavia-6.0.0-rc1
2025-08-28 07:08:15,168 - Knowledge - INFO - Found code_base: <app.utils.kg_build.knowledge.KnowledgeCodeBase object at 0x7fe350229490>
2025-08-28 07:08:15,168 - Knowledge - INFO - persist ingested knowledge for /app/data/b2c/12661/b6273fu/rialto-ocdm-12661/tests/mocks/MessageDispatcherClientMock.h
2025-08-28 07:08:17,364 - Knowledge - INFO - persist search terms embedding for tests/mocks/MessageDispatcherClientMock.h
2025-08-28 07:08:18,783 - Knowledge - INFO - done ingest for /app/data/b2c/12661/b6273fu/rialto-ocdm-12661/tests/mocks/MediaKeysCapabilitiesMock.h
2025-08-28 07:08:18,981 - Knowledge - INFO - process ingested knowledge for /app/data/b2c/12661/b6273fu/rialto-ocdm-12661/tests/mocks/MediaKeysCapabilitiesMock.h
2025-08-28 07:08:18,986 - Knowledge - INFO - Found code-base-name: https://github.com/kavia-common/rialto-ocdm-12661.git:kavia-6.0.0-rc1
2025-08-28 07:08:18,986 - Knowledge - INFO - Found code_base: <app.utils.kg_build.knowledge.KnowledgeCodeBase object at 0x7fe350229490>
2025-08-28 07:08:18,986 - Knowledge - INFO - persist ingested knowledge for /app/data/b2c/12661/b6273fu/rialto-ocdm-12661/tests/mocks/MediaKeysCapabilitiesMock.h
2025-08-28 07:08:21,309 - Knowledge - INFO - persist search terms embedding for tests/mocks/MediaKeysCapabilitiesMock.h
2025-08-28 07:08:22,789 - Knowledge - INFO - done ingest for /app/data/b2c/12661/b6273fu/rialto-ocdm-12661/tests/third-party/source/MediaKeysCapabilitiesFactory.cpp
2025-08-28 07:08:22,975 - Knowledge - INFO - process ingested knowledge for /app/data/b2c/12661/b6273fu/rialto-ocdm-12661/tests/third-party/source/MediaKeysCapabilitiesFactory.cpp
2025-08-28 07:08:23,077 - Knowledge - INFO - Found code-base-name: https://github.com/kavia-common/rialto-ocdm-12661.git:kavia-6.0.0-rc1
2025-08-28 07:08:23,078 - Knowledge - INFO - Found code_base: <app.utils.kg_build.knowledge.KnowledgeCodeBase object at 0x7fe350229490>
2025-08-28 07:08:23,078 - Knowledge - INFO - persist ingested knowledge for /app/data/b2c/12661/b6273fu/rialto-ocdm-12661/tests/third-party/source/MediaKeysCapabilitiesFactory.cpp
2025-08-28 07:08:25,089 - Knowledge - INFO - persist search terms embedding for tests/third-party/source/MediaKeysCapabilitiesFactory.cpp
2025-08-28 07:08:53,972 - Knowledge - INFO - done ingest for /app/data/b2c/12661/b6273fu/rialto-ocdm-12661/build_ut.py
2025-08-28 07:08:54,168 - Knowledge - INFO - process ingested knowledge for /app/data/b2c/12661/b6273fu/rialto-ocdm-12661/build_ut.py
2025-08-28 07:08:54,394 - Knowledge - INFO - Found code-base-name: https://github.com/kavia-common/rialto-ocdm-12661.git:kavia-6.0.0-rc1
2025-08-28 07:08:54,395 - Knowledge - INFO - Found code_base: <app.utils.kg_build.knowledge.KnowledgeCodeBase object at 0x7fe350229490>
2025-08-28 07:08:54,395 - Knowledge - INFO - persist ingested knowledge for /app/data/b2c/12661/b6273fu/rialto-ocdm-12661/build_ut.py
2025-08-28 07:08:57,486 - Knowledge - INFO - persist search terms embedding for build_ut.py
2025-08-28 07:09:05,968 - Knowledge - INFO - done ingest for /app/data/b2c/12661/b6273fu/rialto-ocdm-12661/tests/mocks/OcdmSessionsCallbacksMock.h
2025-08-28 07:09:06,280 - Knowledge - INFO - process ingested knowledge for /app/data/b2c/12661/b6273fu/rialto-ocdm-12661/tests/mocks/OcdmSessionsCallbacksMock.h
2025-08-28 07:09:06,865 - Knowledge - INFO - Found code-base-name: https://github.com/kavia-common/rialto-ocdm-12661.git:kavia-6.0.0-rc1
2025-08-28 07:09:06,866 - Knowledge - INFO - Found code_base: <app.utils.kg_build.knowledge.KnowledgeCodeBase object at 0x7fe350229490>
2025-08-28 07:09:06,866 - Knowledge - INFO - persist ingested knowledge for /app/data/b2c/12661/b6273fu/rialto-ocdm-12661/tests/mocks/OcdmSessionsCallbacksMock.h
2025-08-28 07:09:09,091 - Knowledge - INFO - persist search terms embedding for tests/mocks/OcdmSessionsCallbacksMock.h
2025-08-28 07:09:12,864 - Knowledge - INFO - done ingest for /app/data/b2c/12661/b6273fu/rialto-ocdm-12661/tests/mocks/MediaKeysClientMock.h
2025-08-28 07:09:13,397 - Knowledge - INFO - process ingested knowledge for /app/data/b2c/12661/b6273fu/rialto-ocdm-12661/tests/mocks/MediaKeysClientMock.h
2025-08-28 07:09:13,565 - Knowledge - INFO - Found code-base-name: https://github.com/kavia-common/rialto-ocdm-12661.git:kavia-6.0.0-rc1
2025-08-28 07:09:13,565 - Knowledge - INFO - Found code_base: <app.utils.kg_build.knowledge.KnowledgeCodeBase object at 0x7fe350229490>
2025-08-28 07:09:13,565 - Knowledge - INFO - persist ingested knowledge for /app/data/b2c/12661/b6273fu/rialto-ocdm-12661/tests/mocks/MediaKeysClientMock.h
2025-08-28 07:09:15,470 - Knowledge - INFO - persist search terms embedding for tests/mocks/MediaKeysClientMock.h
2025-08-28 07:09:18,978 - Knowledge - INFO - done ingest for /app/data/b2c/12661/b6273fu/rialto-ocdm-12661/library/source/open_cdm_ext.cpp
2025-08-28 07:09:19,789 - Knowledge - INFO - process ingested knowledge for /app/data/b2c/12661/b6273fu/rialto-ocdm-12661/library/source/open_cdm_ext.cpp
2025-08-28 07:09:20,179 - Knowledge - INFO - Found code-base-name: https://github.com/kavia-common/rialto-ocdm-12661.git:kavia-6.0.0-rc1
2025-08-28 07:09:20,179 - Knowledge - INFO - Found code_base: <app.utils.kg_build.knowledge.KnowledgeCodeBase object at 0x7fe350229490>
2025-08-28 07:09:20,180 - Knowledge - INFO - persist ingested knowledge for /app/data/b2c/12661/b6273fu/rialto-ocdm-12661/library/source/open_cdm_ext.cpp
2025-08-28 07:09:20,474 - Knowledge - INFO - done ingest for /app/data/b2c/12661/b6273fu/rialto-ocdm-12661/library/source/OpenCDMSessionPrivate.cpp
2025-08-28 07:09:20,671 - Knowledge - INFO - process ingested knowledge for /app/data/b2c/12661/b6273fu/rialto-ocdm-12661/library/source/OpenCDMSessionPrivate.cpp
2025-08-28 07:09:22,363 - Knowledge - INFO - persist search terms embedding for library/source/open_cdm_ext.cpp
2025-08-28 07:09:22,765 - Knowledge - INFO - Found code-base-name: https://github.com/kavia-common/rialto-ocdm-12661.git:kavia-6.0.0-rc1
2025-08-28 07:09:22,765 - Knowledge - INFO - Found code_base: <app.utils.kg_build.knowledge.KnowledgeCodeBase object at 0x7fe350229490>
2025-08-28 07:09:22,765 - Knowledge - INFO - persist ingested knowledge for /app/data/b2c/12661/b6273fu/rialto-ocdm-12661/library/source/OpenCDMSessionPrivate.cpp
2025-08-28 07:09:24,714 - Knowledge - INFO - persist search terms embedding for library/source/OpenCDMSessionPrivate.cpp
2025-08-28 07:09:29,097 - Knowledge - INFO - done ingest for /app/data/b2c/12661/b6273fu/rialto-ocdm-12661/tests/mocks/MediaKeysMock.h
2025-08-28 07:09:29,412 - Knowledge - INFO - process ingested knowledge for /app/data/b2c/12661/b6273fu/rialto-ocdm-12661/tests/mocks/MediaKeysMock.h
2025-08-28 07:09:29,491 - Knowledge - INFO - Found code-base-name: https://github.com/kavia-common/rialto-ocdm-12661.git:kavia-6.0.0-rc1
2025-08-28 07:09:29,491 - Knowledge - INFO - Found code_base: <app.utils.kg_build.knowledge.KnowledgeCodeBase object at 0x7fe350229490>
2025-08-28 07:09:29,491 - Knowledge - INFO - persist ingested knowledge for /app/data/b2c/12661/b6273fu/rialto-ocdm-12661/tests/mocks/MediaKeysMock.h
2025-08-28 07:09:32,092 - Knowledge - INFO - persist search terms embedding for tests/mocks/MediaKeysMock.h
2025-08-28 07:09:33,598 - Knowledge - INFO - done ingest for /app/data/b2c/12661/b6273fu/rialto-ocdm-12661/tests/ut/CdmBackendTests.cpp
2025-08-28 07:09:33,896 - Knowledge - INFO - process ingested knowledge for /app/data/b2c/12661/b6273fu/rialto-ocdm-12661/tests/ut/CdmBackendTests.cpp
2025-08-28 07:09:34,783 - Knowledge - INFO - Found code-base-name: https://github.com/kavia-common/rialto-ocdm-12661.git:kavia-6.0.0-rc1
2025-08-28 07:09:34,783 - Knowledge - INFO - Found code_base: <app.utils.kg_build.knowledge.KnowledgeCodeBase object at 0x7fe350229490>
2025-08-28 07:09:34,783 - Knowledge - INFO - persist ingested knowledge for /app/data/b2c/12661/b6273fu/rialto-ocdm-12661/tests/ut/CdmBackendTests.cpp
2025-08-28 07:09:36,980 - Knowledge - INFO - persist search terms embedding for tests/ut/CdmBackendTests.cpp
2025-08-28 07:09:41,583 - Knowledge - INFO - done ingest for /app/data/b2c/12661/b6273fu/rialto-ocdm-12661/library/source/CdmBackend.cpp
2025-08-28 07:09:41,883 - Knowledge - INFO - process ingested knowledge for /app/data/b2c/12661/b6273fu/rialto-ocdm-12661/library/source/CdmBackend.cpp
2025-08-28 07:09:42,380 - Knowledge - INFO - Found code-base-name: https://github.com/kavia-common/rialto-ocdm-12661.git:kavia-6.0.0-rc1
2025-08-28 07:09:42,380 - Knowledge - INFO - Found code_base: <app.utils.kg_build.knowledge.KnowledgeCodeBase object at 0x7fe350229490>
2025-08-28 07:09:42,380 - Knowledge - INFO - persist ingested knowledge for /app/data/b2c/12661/b6273fu/rialto-ocdm-12661/library/source/CdmBackend.cpp
2025-08-28 07:09:44,568 - Knowledge - INFO - done ingest for /app/data/b2c/12661/b6273fu/rialto-ocdm-12661/tests/ut/ActiveSessionsTests.cpp
2025-08-28 07:09:44,595 - Knowledge - INFO - process ingested knowledge for /app/data/b2c/12661/b6273fu/rialto-ocdm-12661/tests/ut/ActiveSessionsTests.cpp
2025-08-28 07:09:44,864 - Knowledge - INFO - persist search terms embedding for library/source/CdmBackend.cpp
2025-08-28 07:09:45,187 - Knowledge - INFO - Found code-base-name: https://github.com/kavia-common/rialto-ocdm-12661.git:kavia-6.0.0-rc1
2025-08-28 07:09:45,187 - Knowledge - INFO - Found code_base: <app.utils.kg_build.knowledge.KnowledgeCodeBase object at 0x7fe350229490>
2025-08-28 07:09:45,187 - Knowledge - INFO - persist ingested knowledge for /app/data/b2c/12661/b6273fu/rialto-ocdm-12661/tests/ut/ActiveSessionsTests.cpp
2025-08-28 07:09:46,865 - Knowledge - ERROR - _ingest_file had exception litellm.APIConnectionError: APIConnectionError: OpenAIException - peer closed connection without sending complete message body (incomplete chunked read) processing file /app/data/b2c/12661/b6273fu/rialto-ocdm-12661/tests/mocks/OpenCDMSessionMock.h
2025-08-28 07:09:46,866 - Knowledge - INFO - done ingest for /app/data/b2c/12661/b6273fu/rialto-ocdm-12661/tests/mocks/OpenCDMSessionMock.h
2025-08-28 07:09:47,195 - Knowledge - INFO - process ingested knowledge for /app/data/b2c/12661/b6273fu/rialto-ocdm-12661/tests/mocks/OpenCDMSessionMock.h
2025-08-28 07:09:48,466 - Knowledge - INFO - persist search terms embedding for tests/ut/ActiveSessionsTests.cpp
2025-08-28 07:09:48,595 - Knowledge - INFO - Found code-base-name: https://github.com/kavia-common/rialto-ocdm-12661.git:kavia-6.0.0-rc1
2025-08-28 07:09:48,595 - Knowledge - INFO - Found code_base: <app.utils.kg_build.knowledge.KnowledgeCodeBase object at 0x7fe350229490>
2025-08-28 07:09:48,595 - Knowledge - INFO - persist ingested knowledge for /app/data/b2c/12661/b6273fu/rialto-ocdm-12661/tests/mocks/OpenCDMSessionMock.h
2025-08-28 07:09:49,607 - Knowledge - INFO - done ingest for /app/data/b2c/12661/b6273fu/rialto-ocdm-12661/tests/mocks/OpenCDMSystemMock.h
2025-08-28 07:09:49,779 - Knowledge - INFO - process ingested knowledge for /app/data/b2c/12661/b6273fu/rialto-ocdm-12661/tests/mocks/OpenCDMSystemMock.h
2025-08-28 07:09:50,286 - Knowledge - INFO - Found code-base-name: https://github.com/kavia-common/rialto-ocdm-12661.git:kavia-6.0.0-rc1
2025-08-28 07:09:50,287 - Knowledge - INFO - Found code_base: <app.utils.kg_build.knowledge.KnowledgeCodeBase object at 0x7fe350229490>
2025-08-28 07:09:50,287 - Knowledge - INFO - persist ingested knowledge for /app/data/b2c/12661/b6273fu/rialto-ocdm-12661/tests/mocks/OpenCDMSystemMock.h
2025-08-28 07:09:51,998 - Knowledge - INFO - persist search terms embedding for tests/mocks/OpenCDMSystemMock.h
2025-08-28 07:10:08,698 - Knowledge - INFO - done ingest for /app/data/b2c/12661/b6273fu/rialto-ocdm-12661/tests/ut/OpenCdmSystemTests.cpp
2025-08-28 07:10:08,877 - Knowledge - INFO - process ingested knowledge for /app/data/b2c/12661/b6273fu/rialto-ocdm-12661/tests/ut/OpenCdmSystemTests.cpp
2025-08-28 07:10:09,567 - Knowledge - INFO - Found code-base-name: https://github.com/kavia-common/rialto-ocdm-12661.git:kavia-6.0.0-rc1
2025-08-28 07:10:09,568 - Knowledge - INFO - Found code_base: <app.utils.kg_build.knowledge.KnowledgeCodeBase object at 0x7fe350229490>
2025-08-28 07:10:09,568 - Knowledge - INFO - persist ingested knowledge for /app/data/b2c/12661/b6273fu/rialto-ocdm-12661/tests/ut/OpenCdmSystemTests.cpp
2025-08-28 07:10:11,666 - Knowledge - INFO - done ingest for /app/data/b2c/12661/b6273fu/rialto-ocdm-12661/tests/ut/OpenCdmSessionTests.cpp
2025-08-28 07:10:11,684 - Knowledge - INFO - done ingest for /app/data/b2c/12661/b6273fu/rialto-ocdm-12661/tests/mocks/CdmBackendMock.h
2025-08-28 07:10:11,868 - Knowledge - INFO - process ingested knowledge for /app/data/b2c/12661/b6273fu/rialto-ocdm-12661/tests/mocks/CdmBackendMock.h
2025-08-28 07:10:11,872 - Knowledge - INFO - process ingested knowledge for /app/data/b2c/12661/b6273fu/rialto-ocdm-12661/tests/ut/OpenCdmSessionTests.cpp
2025-08-28 07:10:12,163 - Knowledge - INFO - persist search terms embedding for tests/ut/OpenCdmSystemTests.cpp
2025-08-28 07:10:12,564 - Knowledge - INFO - Found code-base-name: https://github.com/kavia-common/rialto-ocdm-12661.git:kavia-6.0.0-rc1
2025-08-28 07:10:12,564 - Knowledge - INFO - Found code_base: <app.utils.kg_build.knowledge.KnowledgeCodeBase object at 0x7fe350229490>
2025-08-28 07:10:12,565 - Knowledge - INFO - persist ingested knowledge for /app/data/b2c/12661/b6273fu/rialto-ocdm-12661/tests/mocks/CdmBackendMock.h
2025-08-28 07:10:12,676 - Knowledge - INFO - Found code-base-name: https://github.com/kavia-common/rialto-ocdm-12661.git:kavia-6.0.0-rc1
2025-08-28 07:10:12,676 - Knowledge - INFO - Found code_base: <app.utils.kg_build.knowledge.KnowledgeCodeBase object at 0x7fe350229490>
2025-08-28 07:10:12,676 - Knowledge - INFO - persist ingested knowledge for /app/data/b2c/12661/b6273fu/rialto-ocdm-12661/tests/ut/OpenCdmSessionTests.cpp
2025-08-28 07:10:14,268 - Knowledge - INFO - persist search terms embedding for tests/mocks/CdmBackendMock.h
2025-08-28 07:10:16,585 - Knowledge - INFO - persist search terms embedding for tests/ut/OpenCdmSessionTests.cpp
2025-08-28 07:10:29,377 - Knowledge - INFO - done ingest for /app/data/b2c/12661/b6273fu/rialto-ocdm-12661/library/source/open_cdm.cpp
2025-08-28 07:10:29,663 - Knowledge - INFO - process ingested knowledge for /app/data/b2c/12661/b6273fu/rialto-ocdm-12661/library/source/open_cdm.cpp
2025-08-28 07:10:29,874 - Knowledge - INFO - Found code-base-name: https://github.com/kavia-common/rialto-ocdm-12661.git:kavia-6.0.0-rc1
2025-08-28 07:10:29,874 - Knowledge - INFO - Found code_base: <app.utils.kg_build.knowledge.KnowledgeCodeBase object at 0x7fe350229490>
2025-08-28 07:10:29,874 - Knowledge - INFO - persist ingested knowledge for /app/data/b2c/12661/b6273fu/rialto-ocdm-12661/library/source/open_cdm.cpp
2025-08-28 07:10:34,186 - Knowledge - INFO - persist search terms embedding for library/source/open_cdm.cpp
2025-08-28 07:10:55,282 - Knowledge - INFO - done ingest for /app/data/b2c/12661/b6273fu/rialto-ocdm-12661/tests/ut/OpenCdmExtTests.cpp
2025-08-28 07:10:55,664 - Knowledge - INFO - process ingested knowledge for /app/data/b2c/12661/b6273fu/rialto-ocdm-12661/tests/ut/OpenCdmExtTests.cpp
2025-08-28 07:10:55,711 - Knowledge - INFO - Found code-base-name: https://github.com/kavia-common/rialto-ocdm-12661.git:kavia-6.0.0-rc1
2025-08-28 07:10:55,712 - Knowledge - INFO - Found code_base: <app.utils.kg_build.knowledge.KnowledgeCodeBase object at 0x7fe350229490>
2025-08-28 07:10:55,712 - Knowledge - INFO - persist ingested knowledge for /app/data/b2c/12661/b6273fu/rialto-ocdm-12661/tests/ut/OpenCdmExtTests.cpp
2025-08-28 07:10:56,206 - Knowledge - INFO - done ingest for /app/data/b2c/12661/b6273fu/rialto-ocdm-12661/tests/ut/OpenCdmTests.cpp
2025-08-28 07:10:56,279 - Knowledge - INFO - process ingested knowledge for /app/data/b2c/12661/b6273fu/rialto-ocdm-12661/tests/ut/OpenCdmTests.cpp
2025-08-28 07:10:56,785 - Knowledge - INFO - persist search terms embedding for tests/ut/OpenCdmExtTests.cpp
2025-08-28 07:10:56,801 - Knowledge - INFO - Found code-base-name: https://github.com/kavia-common/rialto-ocdm-12661.git:kavia-6.0.0-rc1
2025-08-28 07:10:56,802 - Knowledge - INFO - Found code_base: <app.utils.kg_build.knowledge.KnowledgeCodeBase object at 0x7fe350229490>
2025-08-28 07:10:56,802 - Knowledge - INFO - persist ingested knowledge for /app/data/b2c/12661/b6273fu/rialto-ocdm-12661/tests/ut/OpenCdmTests.cpp
2025-08-28 07:10:57,333 - Knowledge - INFO - persist search terms embedding for tests/ut/OpenCdmTests.cpp
2025-08-28 07:10:57,372 - Knowledge - INFO - Knowledge creation complete
2025-08-28 07:10:57,374 - Knowledge - INFO - Updating org costs, total cost: 0.032864800000000007
2025-08-28 07:10:57,775 - Knowledge - INFO - Saving knowledge to Redis...
2025-08-28 07:10:57,896 - Knowledge - INFO - Knowledge saved to Redis successfully
2025-08-28 07:16:48,385 - Knowledge - INFO - Redis support added with prefix knowledge:b6273fu:
2025-08-28 07:16:48,524 - Knowledge - INFO - load persisted knowledge: begin
2025-08-28 07:16:49,188 - Knowledge - INFO - Persisted knowledge files in /app/data/b2c/12661/b6273fu/rialto-ocdm-12661/.knowledge have been renamed to use .json
2025-08-28 07:16:49,199 - Knowledge - INFO - Found code-base-name: https://github.com/kavia-common/rialto-ocdm-12661.git:kavia-6.0.0-rc1
2025-08-28 07:16:49,199 - Knowledge - INFO - Found code_base: <app.utils.kg_build.knowledge.KnowledgeCodeBase object at 0x7fa2c376d3d0>
2025-08-28 07:16:49,200 - Knowledge - INFO - process ingested knowledge for /app/data/b2c/12661/b6273fu/rialto-ocdm-12661/library/include/ActiveSessions.h
2025-08-28 07:16:49,208 - Knowledge - INFO - Found code-base-name: https://github.com/kavia-common/rialto-ocdm-12661.git:kavia-6.0.0-rc1
2025-08-28 07:16:49,208 - Knowledge - INFO - Found code_base: <app.utils.kg_build.knowledge.KnowledgeCodeBase object at 0x7fa2c376d3d0>
2025-08-28 07:16:49,208 - Knowledge - INFO - process ingested knowledge for /app/data/b2c/12661/b6273fu/rialto-ocdm-12661/tests/mocks/OpenCDMSessionMock.h
2025-08-28 07:16:49,216 - Knowledge - INFO - Found code-base-name: https://github.com/kavia-common/rialto-ocdm-12661.git:kavia-6.0.0-rc1
2025-08-28 07:16:49,216 - Knowledge - INFO - Found code_base: <app.utils.kg_build.knowledge.KnowledgeCodeBase object at 0x7fa2c376d3d0>
2025-08-28 07:16:49,216 - Knowledge - INFO - process ingested knowledge for /app/data/b2c/12661/b6273fu/rialto-ocdm-12661/library/include/OpenCDMSystem.h
2025-08-28 07:16:49,223 - Knowledge - INFO - Found code-base-name: https://github.com/kavia-common/rialto-ocdm-12661.git:kavia-6.0.0-rc1
2025-08-28 07:16:49,224 - Knowledge - INFO - Found code_base: <app.utils.kg_build.knowledge.KnowledgeCodeBase object at 0x7fa2c376d3d0>
2025-08-28 07:16:49,224 - Knowledge - INFO - process ingested knowledge for /app/data/b2c/12661/b6273fu/rialto-ocdm-12661/tests/ut/CMakeLists.txt
2025-08-28 07:16:49,231 - Knowledge - INFO - Found code-base-name: https://github.com/kavia-common/rialto-ocdm-12661.git:kavia-6.0.0-rc1
2025-08-28 07:16:49,231 - Knowledge - INFO - Found code_base: <app.utils.kg_build.knowledge.KnowledgeCodeBase object at 0x7fa2c376d3d0>
2025-08-28 07:16:49,232 - Knowledge - INFO - process ingested knowledge for /app/data/b2c/12661/b6273fu/rialto-ocdm-12661/library/source/ActiveSessions.cpp
2025-08-28 07:16:49,240 - Knowledge - INFO - Found code-base-name: https://github.com/kavia-common/rialto-ocdm-12661.git:kavia-6.0.0-rc1
2025-08-28 07:16:49,240 - Knowledge - INFO - Found code_base: <app.utils.kg_build.knowledge.KnowledgeCodeBase object at 0x7fa2c376d3d0>
2025-08-28 07:16:49,240 - Knowledge - INFO - process ingested knowledge for /app/data/b2c/12661/b6273fu/rialto-ocdm-12661/tests/third-party/source/MediaKeysCapabilitiesFactory.cpp
2025-08-28 07:16:49,248 - Knowledge - INFO - Found code-base-name: https://github.com/kavia-common/rialto-ocdm-12661.git:kavia-6.0.0-rc1
2025-08-28 07:16:49,248 - Knowledge - INFO - Found code_base: <app.utils.kg_build.knowledge.KnowledgeCodeBase object at 0x7fa2c376d3d0>
2025-08-28 07:16:49,249 - Knowledge - INFO - process ingested knowledge for /app/data/b2c/12661/b6273fu/rialto-ocdm-12661/tests/ut/OpenCdmSessionTests.cpp
2025-08-28 07:16:49,257 - Knowledge - INFO - Found code-base-name: https://github.com/kavia-common/rialto-ocdm-12661.git:kavia-6.0.0-rc1
2025-08-28 07:16:49,257 - Knowledge - INFO - Found code_base: <app.utils.kg_build.knowledge.KnowledgeCodeBase object at 0x7fa2c376d3d0>
2025-08-28 07:16:49,257 - Knowledge - INFO - process ingested knowledge for /app/data/b2c/12661/b6273fu/rialto-ocdm-12661/tests/mocks/OcdmSessionsCallbacksMock.h
2025-08-28 07:16:49,265 - Knowledge - INFO - Found code-base-name: https://github.com/kavia-common/rialto-ocdm-12661.git:kavia-6.0.0-rc1
2025-08-28 07:16:49,265 - Knowledge - INFO - Found code_base: <app.utils.kg_build.knowledge.KnowledgeCodeBase object at 0x7fa2c376d3d0>
2025-08-28 07:16:49,265 - Knowledge - INFO - process ingested knowledge for /app/data/b2c/12661/b6273fu/rialto-ocdm-12661/tests/ut/OpenCdmTests.cpp
2025-08-28 07:16:49,273 - Knowledge - INFO - Found code-base-name: https://github.com/kavia-common/rialto-ocdm-12661.git:kavia-6.0.0-rc1
2025-08-28 07:16:49,274 - Knowledge - INFO - Found code_base: <app.utils.kg_build.knowledge.KnowledgeCodeBase object at 0x7fa2c376d3d0>
2025-08-28 07:16:49,274 - Knowledge - INFO - process ingested knowledge for /app/data/b2c/12661/b6273fu/rialto-ocdm-12661/tests/third-party/source/OcdmSessionsCallbacks.cpp
2025-08-28 07:16:49,281 - Knowledge - INFO - Found code-base-name: https://github.com/kavia-common/rialto-ocdm-12661.git:kavia-6.0.0-rc1
2025-08-28 07:16:49,281 - Knowledge - INFO - Found code_base: <app.utils.kg_build.knowledge.KnowledgeCodeBase object at 0x7fa2c376d3d0>
2025-08-28 07:16:49,281 - Knowledge - INFO - process ingested knowledge for /app/data/b2c/12661/b6273fu/rialto-ocdm-12661/tests/mocks/MediaKeysCapabilitiesMock.h
2025-08-28 07:16:49,290 - Knowledge - INFO - Found code-base-name: https://github.com/kavia-common/rialto-ocdm-12661.git:kavia-6.0.0-rc1
2025-08-28 07:16:49,290 - Knowledge - INFO - Found code_base: <app.utils.kg_build.knowledge.KnowledgeCodeBase object at 0x7fa2c376d3d0>
2025-08-28 07:16:49,290 - Knowledge - INFO - process ingested knowledge for /app/data/b2c/12661/b6273fu/rialto-ocdm-12661/tests/mocks/CMakeLists.txt
2025-08-28 07:16:49,298 - Knowledge - INFO - Found code-base-name: https://github.com/kavia-common/rialto-ocdm-12661.git:kavia-6.0.0-rc1
2025-08-28 07:16:49,298 - Knowledge - INFO - Found code_base: <app.utils.kg_build.knowledge.KnowledgeCodeBase object at 0x7fa2c376d3d0>
2025-08-28 07:16:49,299 - Knowledge - INFO - process ingested knowledge for /app/data/b2c/12661/b6273fu/rialto-ocdm-12661/tests/ut/MediaKeysCapabilitiesBackendTests.cpp
2025-08-28 07:16:49,307 - Knowledge - INFO - Found code-base-name: https://github.com/kavia-common/rialto-ocdm-12661.git:kavia-6.0.0-rc1
2025-08-28 07:16:49,307 - Knowledge - INFO - Found code_base: <app.utils.kg_build.knowledge.KnowledgeCodeBase object at 0x7fa2c376d3d0>
2025-08-28 07:16:49,307 - Knowledge - INFO - process ingested knowledge for /app/data/b2c/12661/b6273fu/rialto-ocdm-12661/cmake/googletest.cmake
2025-08-28 07:16:49,315 - Knowledge - INFO - Found code-base-name: https://github.com/kavia-common/rialto-ocdm-12661.git:kavia-6.0.0-rc1
2025-08-28 07:16:49,315 - Knowledge - INFO - Found code_base: <app.utils.kg_build.knowledge.KnowledgeCodeBase object at 0x7fa2c376d3d0>
2025-08-28 07:16:49,315 - Knowledge - INFO - process ingested knowledge for /app/data/b2c/12661/b6273fu/rialto-ocdm-12661/library/include/OpenCDMSessionPrivate.h
2025-08-28 07:16:49,325 - Knowledge - INFO - Found code-base-name: https://github.com/kavia-common/rialto-ocdm-12661.git:kavia-6.0.0-rc1
2025-08-28 07:16:49,325 - Knowledge - INFO - Found code_base: <app.utils.kg_build.knowledge.KnowledgeCodeBase object at 0x7fa2c376d3d0>
2025-08-28 07:16:49,325 - Knowledge - INFO - process ingested knowledge for /app/data/b2c/12661/b6273fu/rialto-ocdm-12661/library/CMakeLists.txt
2025-08-28 07:16:49,336 - Knowledge - INFO - Found code-base-name: https://github.com/kavia-common/rialto-ocdm-12661.git:kavia-6.0.0-rc1
2025-08-28 07:16:49,336 - Knowledge - INFO - Found code_base: <app.utils.kg_build.knowledge.KnowledgeCodeBase object at 0x7fa2c376d3d0>
2025-08-28 07:16:49,336 - Knowledge - INFO - process ingested knowledge for /app/data/b2c/12661/b6273fu/rialto-ocdm-12661/library/include/ICdmBackend.h
2025-08-28 07:16:49,347 - Knowledge - INFO - Found code-base-name: https://github.com/kavia-common/rialto-ocdm-12661.git:kavia-6.0.0-rc1
2025-08-28 07:16:49,347 - Knowledge - INFO - Found code_base: <app.utils.kg_build.knowledge.KnowledgeCodeBase object at 0x7fa2c376d3d0>
2025-08-28 07:16:49,347 - Knowledge - INFO - process ingested knowledge for /app/data/b2c/12661/b6273fu/rialto-ocdm-12661/library/include/IMessageDispatcher.h
2025-08-28 07:16:49,355 - Knowledge - INFO - Found code-base-name: https://github.com/kavia-common/rialto-ocdm-12661.git:kavia-6.0.0-rc1
2025-08-28 07:16:49,356 - Knowledge - INFO - Found code_base: <app.utils.kg_build.knowledge.KnowledgeCodeBase object at 0x7fa2c376d3d0>
2025-08-28 07:16:49,356 - Knowledge - INFO - process ingested knowledge for /app/data/b2c/12661/b6273fu/rialto-ocdm-12661/tests/mocks/MessageDispatcherMock.h
2025-08-28 07:16:49,364 - Knowledge - INFO - Found code-base-name: https://github.com/kavia-common/rialto-ocdm-12661.git:kavia-6.0.0-rc1
2025-08-28 07:16:49,364 - Knowledge - INFO - Found code_base: <app.utils.kg_build.knowledge.KnowledgeCodeBase object at 0x7fa2c376d3d0>
2025-08-28 07:16:49,364 - Knowledge - INFO - process ingested knowledge for /app/data/b2c/12661/b6273fu/rialto-ocdm-12661/tests/mocks/MediaKeysMock.h
2025-08-28 07:16:49,373 - Knowledge - INFO - Found code-base-name: https://github.com/kavia-common/rialto-ocdm-12661.git:kavia-6.0.0-rc1
2025-08-28 07:16:49,373 - Knowledge - INFO - Found code_base: <app.utils.kg_build.knowledge.KnowledgeCodeBase object at 0x7fa2c376d3d0>
2025-08-28 07:16:49,373 - Knowledge - INFO - process ingested knowledge for /app/data/b2c/12661/b6273fu/rialto-ocdm-12661/tests/mocks/CdmBackendMock.h
2025-08-28 07:16:49,382 - Knowledge - INFO - Found code-base-name: https://github.com/kavia-common/rialto-ocdm-12661.git:kavia-6.0.0-rc1
2025-08-28 07:16:49,382 - Knowledge - INFO - Found code_base: <app.utils.kg_build.knowledge.KnowledgeCodeBase object at 0x7fa2c376d3d0>
2025-08-28 07:16:49,382 - Knowledge - INFO - process ingested knowledge for /app/data/b2c/12661/b6273fu/rialto-ocdm-12661/tests/ut/MessageDispatcherTests.cpp
2025-08-28 07:16:49,390 - Knowledge - INFO - Found code-base-name: https://github.com/kavia-common/rialto-ocdm-12661.git:kavia-6.0.0-rc1
2025-08-28 07:16:49,390 - Knowledge - INFO - Found code_base: <app.utils.kg_build.knowledge.KnowledgeCodeBase object at 0x7fa2c376d3d0>
2025-08-28 07:16:49,390 - Knowledge - INFO - process ingested knowledge for /app/data/b2c/12661/b6273fu/rialto-ocdm-12661/TERMS.md
2025-08-28 07:16:49,398 - Knowledge - INFO - Found code-base-name: https://github.com/kavia-common/rialto-ocdm-12661.git:kavia-6.0.0-rc1
2025-08-28 07:16:49,398 - Knowledge - INFO - Found code_base: <app.utils.kg_build.knowledge.KnowledgeCodeBase object at 0x7fa2c376d3d0>
2025-08-28 07:16:49,398 - Knowledge - INFO - process ingested knowledge for /app/data/b2c/12661/b6273fu/rialto-ocdm-12661/library/source/open_cdm_adapter.cpp
2025-08-28 07:16:49,406 - Knowledge - INFO - Found code-base-name: https://github.com/kavia-common/rialto-ocdm-12661.git:kavia-6.0.0-rc1
2025-08-28 07:16:49,406 - Knowledge - INFO - Found code_base: <app.utils.kg_build.knowledge.KnowledgeCodeBase object at 0x7fa2c376d3d0>
2025-08-28 07:16:49,407 - Knowledge - INFO - process ingested knowledge for /app/data/b2c/12661/b6273fu/rialto-ocdm-12661/library/source/open_cdm.cpp
2025-08-28 07:16:49,414 - Knowledge - INFO - Found code-base-name: https://github.com/kavia-common/rialto-ocdm-12661.git:kavia-6.0.0-rc1
2025-08-28 07:16:49,415 - Knowledge - INFO - Found code_base: <app.utils.kg_build.knowledge.KnowledgeCodeBase object at 0x7fa2c376d3d0>
2025-08-28 07:16:49,415 - Knowledge - INFO - process ingested knowledge for /app/data/b2c/12661/b6273fu/rialto-ocdm-12661/scripts/valgrind/process_valgrind_results.py
2025-08-28 07:16:49,422 - Knowledge - INFO - Found code-base-name: https://github.com/kavia-common/rialto-ocdm-12661.git:kavia-6.0.0-rc1
2025-08-28 07:16:49,423 - Knowledge - INFO - Found code_base: <app.utils.kg_build.knowledge.KnowledgeCodeBase object at 0x7fa2c376d3d0>
2025-08-28 07:16:49,423 - Knowledge - INFO - process ingested knowledge for /app/data/b2c/12661/b6273fu/rialto-ocdm-12661/library/source/open_cdm_ext.cpp
2025-08-28 07:16:49,431 - Knowledge - INFO - Found code-base-name: https://github.com/kavia-common/rialto-ocdm-12661.git:kavia-6.0.0-rc1
2025-08-28 07:16:49,431 - Knowledge - INFO - Found code_base: <app.utils.kg_build.knowledge.KnowledgeCodeBase object at 0x7fa2c376d3d0>
2025-08-28 07:16:49,431 - Knowledge - INFO - process ingested knowledge for /app/data/b2c/12661/b6273fu/rialto-ocdm-12661/tests/ut/CdmBackendTests.cpp
2025-08-28 07:16:49,440 - Knowledge - INFO - Found code-base-name: https://github.com/kavia-common/rialto-ocdm-12661.git:kavia-6.0.0-rc1
2025-08-28 07:16:49,440 - Knowledge - INFO - Found code_base: <app.utils.kg_build.knowledge.KnowledgeCodeBase object at 0x7fa2c376d3d0>
2025-08-28 07:16:49,441 - Knowledge - INFO - process ingested knowledge for /app/data/b2c/12661/b6273fu/rialto-ocdm-12661/library/source/OpenCDMSessionPrivate.cpp
2025-08-28 07:16:49,448 - Knowledge - INFO - Found code-base-name: https://github.com/kavia-common/rialto-ocdm-12661.git:kavia-6.0.0-rc1
2025-08-28 07:16:49,449 - Knowledge - INFO - Found code_base: <app.utils.kg_build.knowledge.KnowledgeCodeBase object at 0x7fa2c376d3d0>
2025-08-28 07:16:49,449 - Knowledge - INFO - process ingested knowledge for /app/data/b2c/12661/b6273fu/rialto-ocdm-12661/CMakeLists.txt
2025-08-28 07:16:49,456 - Knowledge - INFO - Found code-base-name: https://github.com/kavia-common/rialto-ocdm-12661.git:kavia-6.0.0-rc1
2025-08-28 07:16:49,456 - Knowledge - INFO - Found code_base: <app.utils.kg_build.knowledge.KnowledgeCodeBase object at 0x7fa2c376d3d0>
2025-08-28 07:16:49,456 - Knowledge - INFO - process ingested knowledge for /app/data/b2c/12661/b6273fu/rialto-ocdm-12661/tests/third-party/source/MediaKeysFactory.cpp
2025-08-28 07:16:49,465 - Knowledge - INFO - Found code-base-name: https://github.com/kavia-common/rialto-ocdm-12661.git:kavia-6.0.0-rc1
2025-08-28 07:16:49,465 - Knowledge - INFO - Found code_base: <app.utils.kg_build.knowledge.KnowledgeCodeBase object at 0x7fa2c376d3d0>
2025-08-28 07:16:49,466 - Knowledge - INFO - process ingested knowledge for /app/data/b2c/12661/b6273fu/rialto-ocdm-12661/tests/ut/LoggerTests.cpp
2025-08-28 07:16:49,482 - Knowledge - INFO - Found code-base-name: https://github.com/kavia-common/rialto-ocdm-12661.git:kavia-6.0.0-rc1
2025-08-28 07:16:49,482 - Knowledge - INFO - Found code_base: <app.utils.kg_build.knowledge.KnowledgeCodeBase object at 0x7fa2c376d3d0>
2025-08-28 07:16:49,482 - Knowledge - INFO - process ingested knowledge for /app/data/b2c/12661/b6273fu/rialto-ocdm-12661/library/include/RialtoGStreamerEMEProtectionMetadata.h
2025-08-28 07:16:49,491 - Knowledge - INFO - Found code-base-name: https://github.com/kavia-common/rialto-ocdm-12661.git:kavia-6.0.0-rc1
2025-08-28 07:16:49,491 - Knowledge - INFO - Found code_base: <app.utils.kg_build.knowledge.KnowledgeCodeBase object at 0x7fa2c376d3d0>
2025-08-28 07:16:49,491 - Knowledge - INFO - process ingested knowledge for /app/data/b2c/12661/b6273fu/rialto-ocdm-12661/library/source/CdmBackend.cpp
2025-08-28 07:16:49,500 - Knowledge - INFO - Found code-base-name: https://github.com/kavia-common/rialto-ocdm-12661.git:kavia-6.0.0-rc1
2025-08-28 07:16:49,500 - Knowledge - INFO - Found code_base: <app.utils.kg_build.knowledge.KnowledgeCodeBase object at 0x7fa2c376d3d0>
2025-08-28 07:16:49,500 - Knowledge - INFO - process ingested knowledge for /app/data/b2c/12661/b6273fu/rialto-ocdm-12661/scripts/cpplint/cpplint.py
2025-08-28 07:16:49,514 - Knowledge - INFO - Found code-base-name: https://github.com/kavia-common/rialto-ocdm-12661.git:kavia-6.0.0-rc1
2025-08-28 07:16:49,514 - Knowledge - INFO - Found code_base: <app.utils.kg_build.knowledge.KnowledgeCodeBase object at 0x7fa2c376d3d0>
2025-08-28 07:16:49,514 - Knowledge - INFO - process ingested knowledge for /app/data/b2c/12661/b6273fu/rialto-ocdm-12661/library/source/MessageDispatcher.cpp
2025-08-28 07:16:49,523 - Knowledge - INFO - Found code-base-name: https://github.com/kavia-common/rialto-ocdm-12661.git:kavia-6.0.0-rc1
2025-08-28 07:16:49,523 - Knowledge - INFO - Found code_base: <app.utils.kg_build.knowledge.KnowledgeCodeBase object at 0x7fa2c376d3d0>
2025-08-28 07:16:49,523 - Knowledge - INFO - process ingested knowledge for /app/data/b2c/12661/b6273fu/rialto-ocdm-12661/tests/ut/ActiveSessionsTests.cpp
2025-08-28 07:16:49,534 - Knowledge - INFO - Found code-base-name: https://github.com/kavia-common/rialto-ocdm-12661.git:kavia-6.0.0-rc1
2025-08-28 07:16:49,534 - Knowledge - INFO - Found code_base: <app.utils.kg_build.knowledge.KnowledgeCodeBase object at 0x7fa2c376d3d0>
2025-08-28 07:16:49,535 - Knowledge - INFO - process ingested knowledge for /app/data/b2c/12661/b6273fu/rialto-ocdm-12661/tests/ut/OpenCdmSystemTests.cpp
2025-08-28 07:16:49,543 - Knowledge - INFO - Found code-base-name: https://github.com/kavia-common/rialto-ocdm-12661.git:kavia-6.0.0-rc1
2025-08-28 07:16:49,543 - Knowledge - INFO - Found code_base: <app.utils.kg_build.knowledge.KnowledgeCodeBase object at 0x7fa2c376d3d0>
2025-08-28 07:16:49,544 - Knowledge - INFO - process ingested knowledge for /app/data/b2c/12661/b6273fu/rialto-ocdm-12661/tests/mocks/MediaKeysClientMock.h
2025-08-28 07:16:49,555 - Knowledge - INFO - Found code-base-name: https://github.com/kavia-common/rialto-ocdm-12661.git:kavia-6.0.0-rc1
2025-08-28 07:16:49,555 - Knowledge - INFO - Found code_base: <app.utils.kg_build.knowledge.KnowledgeCodeBase object at 0x7fa2c376d3d0>
2025-08-28 07:16:49,555 - Knowledge - INFO - process ingested knowledge for /app/data/b2c/12661/b6273fu/rialto-ocdm-12661/tests/mocks/MessageDispatcherClientMock.h
2025-08-28 07:16:49,563 - Knowledge - INFO - Found code-base-name: https://github.com/kavia-common/rialto-ocdm-12661.git:kavia-6.0.0-rc1
2025-08-28 07:16:49,564 - Knowledge - INFO - Found code_base: <app.utils.kg_build.knowledge.KnowledgeCodeBase object at 0x7fa2c376d3d0>
2025-08-28 07:16:49,564 - Knowledge - INFO - process ingested knowledge for /app/data/b2c/12661/b6273fu/rialto-ocdm-12661/library/include/MessageDispatcher.h
2025-08-28 07:16:49,571 - Knowledge - INFO - Found code-base-name: https://github.com/kavia-common/rialto-ocdm-12661.git:kavia-6.0.0-rc1
2025-08-28 07:16:49,572 - Knowledge - INFO - Found code_base: <app.utils.kg_build.knowledge.KnowledgeCodeBase object at 0x7fa2c376d3d0>
2025-08-28 07:16:49,572 - Knowledge - INFO - process ingested knowledge for /app/data/b2c/12661/b6273fu/rialto-ocdm-12661/library/source/RialtoGStreamerEMEProtectionMetadata.cpp
2025-08-28 07:16:49,581 - Knowledge - INFO - Found code-base-name: https://github.com/kavia-common/rialto-ocdm-12661.git:kavia-6.0.0-rc1
2025-08-28 07:16:49,581 - Knowledge - INFO - Found code_base: <app.utils.kg_build.knowledge.KnowledgeCodeBase object at 0x7fa2c376d3d0>
2025-08-28 07:16:49,581 - Knowledge - INFO - process ingested knowledge for /app/data/b2c/12661/b6273fu/rialto-ocdm-12661/tests/mocks/OpenCDMSystemMock.h
2025-08-28 07:16:49,589 - Knowledge - INFO - Found code-base-name: https://github.com/kavia-common/rialto-ocdm-12661.git:kavia-6.0.0-rc1
2025-08-28 07:16:49,589 - Knowledge - INFO - Found code_base: <app.utils.kg_build.knowledge.KnowledgeCodeBase object at 0x7fa2c376d3d0>
2025-08-28 07:16:49,589 - Knowledge - INFO - process ingested knowledge for /app/data/b2c/12661/b6273fu/rialto-ocdm-12661/library/include/CdmBackend.h
2025-08-28 07:16:49,597 - Knowledge - INFO - Found code-base-name: https://github.com/kavia-common/rialto-ocdm-12661.git:kavia-6.0.0-rc1
2025-08-28 07:16:49,597 - Knowledge - INFO - Found code_base: <app.utils.kg_build.knowledge.KnowledgeCodeBase object at 0x7fa2c376d3d0>
2025-08-28 07:16:49,597 - Knowledge - INFO - process ingested knowledge for /app/data/b2c/12661/b6273fu/rialto-ocdm-12661/library/source/Logger.cpp
2025-08-28 07:16:49,610 - Knowledge - INFO - Found code-base-name: https://github.com/kavia-common/rialto-ocdm-12661.git:kavia-6.0.0-rc1
2025-08-28 07:16:49,610 - Knowledge - INFO - Found code_base: <app.utils.kg_build.knowledge.KnowledgeCodeBase object at 0x7fa2c376d3d0>
2025-08-28 07:16:49,610 - Knowledge - INFO - process ingested knowledge for /app/data/b2c/12661/b6273fu/rialto-ocdm-12661/tests/ut/OpenCdmExtTests.cpp
2025-08-28 07:16:49,623 - Knowledge - INFO - Found code-base-name: https://github.com/kavia-common/rialto-ocdm-12661.git:kavia-6.0.0-rc1
2025-08-28 07:16:49,623 - Knowledge - INFO - Found code_base: <app.utils.kg_build.knowledge.KnowledgeCodeBase object at 0x7fa2c376d3d0>
2025-08-28 07:16:49,624 - Knowledge - INFO - process ingested knowledge for /app/data/b2c/12661/b6273fu/rialto-ocdm-12661/tests/ut/OpenCdmAdapterTests.cpp
2025-08-28 07:16:49,632 - Knowledge - INFO - Found code-base-name: https://github.com/kavia-common/rialto-ocdm-12661.git:kavia-6.0.0-rc1
2025-08-28 07:16:49,632 - Knowledge - INFO - Found code_base: <app.utils.kg_build.knowledge.KnowledgeCodeBase object at 0x7fa2c376d3d0>
2025-08-28 07:16:49,632 - Knowledge - INFO - process ingested knowledge for /app/data/b2c/12661/b6273fu/rialto-ocdm-12661/README.md
2025-08-28 07:16:49,640 - Knowledge - INFO - Found code-base-name: https://github.com/kavia-common/rialto-ocdm-12661.git:kavia-6.0.0-rc1
2025-08-28 07:16:49,641 - Knowledge - INFO - Found code_base: <app.utils.kg_build.knowledge.KnowledgeCodeBase object at 0x7fa2c376d3d0>
2025-08-28 07:16:49,641 - Knowledge - INFO - process ingested knowledge for /app/data/b2c/12661/b6273fu/rialto-ocdm-12661/scripts/clang-format/process_clang-format_errors.py
2025-08-28 07:16:49,652 - Knowledge - INFO - Found code-base-name: https://github.com/kavia-common/rialto-ocdm-12661.git:kavia-6.0.0-rc1
2025-08-28 07:16:49,652 - Knowledge - INFO - Found code_base: <app.utils.kg_build.knowledge.KnowledgeCodeBase object at 0x7fa2c376d3d0>
2025-08-28 07:16:49,652 - Knowledge - INFO - process ingested knowledge for /app/data/b2c/12661/b6273fu/rialto-ocdm-12661/cppcheck_suppressions.xml
2025-08-28 07:16:49,659 - Knowledge - INFO - Found code-base-name: https://github.com/kavia-common/rialto-ocdm-12661.git:kavia-6.0.0-rc1
2025-08-28 07:16:49,659 - Knowledge - INFO - Found code_base: <app.utils.kg_build.knowledge.KnowledgeCodeBase object at 0x7fa2c376d3d0>
2025-08-28 07:16:49,659 - Knowledge - INFO - process ingested knowledge for /app/data/b2c/12661/b6273fu/rialto-ocdm-12661/library/include/Logger.h
2025-08-28 07:16:49,668 - Knowledge - INFO - Found code-base-name: https://github.com/kavia-common/rialto-ocdm-12661.git:kavia-6.0.0-rc1
2025-08-28 07:16:49,668 - Knowledge - INFO - Found code_base: <app.utils.kg_build.knowledge.KnowledgeCodeBase object at 0x7fa2c376d3d0>
2025-08-28 07:16:49,668 - Knowledge - INFO - process ingested knowledge for /app/data/b2c/12661/b6273fu/rialto-ocdm-12661/library/include/OpenCDMSystemPrivate.h
2025-08-28 07:16:49,677 - Knowledge - INFO - Found code-base-name: https://github.com/kavia-common/rialto-ocdm-12661.git:kavia-6.0.0-rc1
2025-08-28 07:16:49,677 - Knowledge - INFO - Found code_base: <app.utils.kg_build.knowledge.KnowledgeCodeBase object at 0x7fa2c376d3d0>
2025-08-28 07:16:49,677 - Knowledge - INFO - process ingested knowledge for /app/data/b2c/12661/b6273fu/rialto-ocdm-12661/tests/third-party/source/ControlFactory.cpp
2025-08-28 07:16:49,685 - Knowledge - INFO - Found code-base-name: https://github.com/kavia-common/rialto-ocdm-12661.git:kavia-6.0.0-rc1
2025-08-28 07:16:49,685 - Knowledge - INFO - Found code_base: <app.utils.kg_build.knowledge.KnowledgeCodeBase object at 0x7fa2c376d3d0>
2025-08-28 07:16:49,686 - Knowledge - INFO - process ingested knowledge for /app/data/b2c/12661/b6273fu/rialto-ocdm-12661/docs/index.html
2025-08-28 07:16:49,694 - Knowledge - INFO - Found code-base-name: https://github.com/kavia-common/rialto-ocdm-12661.git:kavia-6.0.0-rc1
2025-08-28 07:16:49,694 - Knowledge - INFO - Found code_base: <app.utils.kg_build.knowledge.KnowledgeCodeBase object at 0x7fa2c376d3d0>
2025-08-28 07:16:49,694 - Knowledge - INFO - process ingested knowledge for /app/data/b2c/12661/b6273fu/rialto-ocdm-12661/library/source/MediaKeysCapabilitiesBackend.cpp
2025-08-28 07:16:49,704 - Knowledge - INFO - Found code-base-name: https://github.com/kavia-common/rialto-ocdm-12661.git:kavia-6.0.0-rc1
2025-08-28 07:16:49,704 - Knowledge - INFO - Found code_base: <app.utils.kg_build.knowledge.KnowledgeCodeBase object at 0x7fa2c376d3d0>
2025-08-28 07:16:49,705 - Knowledge - INFO - process ingested knowledge for /app/data/b2c/12661/b6273fu/rialto-ocdm-12661/library/source/OpenCDMSystemPrivate.cpp
2025-08-28 07:16:49,712 - Knowledge - INFO - Found code-base-name: https://github.com/kavia-common/rialto-ocdm-12661.git:kavia-6.0.0-rc1
2025-08-28 07:16:49,713 - Knowledge - INFO - Found code_base: <app.utils.kg_build.knowledge.KnowledgeCodeBase object at 0x7fa2c376d3d0>
2025-08-28 07:16:49,713 - Knowledge - INFO - process ingested knowledge for /app/data/b2c/12661/b6273fu/rialto-ocdm-12661/cmake/FindRialto.cmake
2025-08-28 07:16:49,721 - Knowledge - INFO - Found code-base-name: https://github.com/kavia-common/rialto-ocdm-12661.git:kavia-6.0.0-rc1
2025-08-28 07:16:49,722 - Knowledge - INFO - Found code_base: <app.utils.kg_build.knowledge.KnowledgeCodeBase object at 0x7fa2c376d3d0>
2025-08-28 07:16:49,722 - Knowledge - INFO - process ingested knowledge for /app/data/b2c/12661/b6273fu/rialto-ocdm-12661/library/include/MediaKeysCapabilitiesBackend.h
2025-08-28 07:16:49,730 - Knowledge - INFO - Found code-base-name: https://github.com/kavia-common/rialto-ocdm-12661.git:kavia-6.0.0-rc1
2025-08-28 07:16:49,730 - Knowledge - INFO - Found code_base: <app.utils.kg_build.knowledge.KnowledgeCodeBase object at 0x7fa2c376d3d0>
2025-08-28 07:16:49,731 - Knowledge - INFO - process ingested knowledge for /app/data/b2c/12661/b6273fu/rialto-ocdm-12661/CHANGELOG.md
2025-08-28 07:16:49,741 - Knowledge - INFO - Found code-base-name: https://github.com/kavia-common/rialto-ocdm-12661.git:kavia-6.0.0-rc1
2025-08-28 07:16:49,742 - Knowledge - INFO - Found code_base: <app.utils.kg_build.knowledge.KnowledgeCodeBase object at 0x7fa2c376d3d0>
2025-08-28 07:16:49,742 - Knowledge - INFO - process ingested knowledge for /app/data/b2c/12661/b6273fu/rialto-ocdm-12661/CONTRIBUTING.md
2025-08-28 07:16:49,752 - Knowledge - INFO - Found code-base-name: https://github.com/kavia-common/rialto-ocdm-12661.git:kavia-6.0.0-rc1
2025-08-28 07:16:49,752 - Knowledge - INFO - Found code_base: <app.utils.kg_build.knowledge.KnowledgeCodeBase object at 0x7fa2c376d3d0>
2025-08-28 07:16:49,752 - Knowledge - INFO - process ingested knowledge for /app/data/b2c/12661/b6273fu/rialto-ocdm-12661/library/include/OpenCDMSession.h
2025-08-28 07:16:49,760 - Knowledge - INFO - Found code-base-name: https://github.com/kavia-common/rialto-ocdm-12661.git:kavia-6.0.0-rc1
2025-08-28 07:16:49,760 - Knowledge - INFO - Found code_base: <app.utils.kg_build.knowledge.KnowledgeCodeBase object at 0x7fa2c376d3d0>
2025-08-28 07:16:49,760 - Knowledge - INFO - process ingested knowledge for /app/data/b2c/12661/b6273fu/rialto-ocdm-12661/tests/third-party/CMakeLists.txt
2025-08-28 07:16:49,770 - Knowledge - INFO - Found code-base-name: https://github.com/kavia-common/rialto-ocdm-12661.git:kavia-6.0.0-rc1
2025-08-28 07:16:49,770 - Knowledge - INFO - Found code_base: <app.utils.kg_build.knowledge.KnowledgeCodeBase object at 0x7fa2c376d3d0>
2025-08-28 07:16:49,770 - Knowledge - INFO - process ingested knowledge for /app/data/b2c/12661/b6273fu/rialto-ocdm-12661/tests/mocks/ControlMock.h
2025-08-28 07:16:49,778 - Knowledge - INFO - Found code-base-name: https://github.com/kavia-common/rialto-ocdm-12661.git:kavia-6.0.0-rc1
2025-08-28 07:16:49,778 - Knowledge - INFO - Found code_base: <app.utils.kg_build.knowledge.KnowledgeCodeBase object at 0x7fa2c376d3d0>
2025-08-28 07:16:49,778 - Knowledge - INFO - process ingested knowledge for /app/data/b2c/12661/b6273fu/rialto-ocdm-12661/build_ut.py
2025-08-28 07:16:49,782 - Knowledge - INFO - load persisted knowledge: end
2025-08-28 07:16:49,782 - Knowledge - INFO - load persisted docinfo: begin
2025-08-28 07:16:49,784 - Knowledge - INFO - load persisted docinfo: end
2025-08-28 07:16:49,815 - Knowledge - INFO - worker kw1 created with dedicated MongoDB connection (total: 1)
2025-08-28 07:16:49,816 - Knowledge - INFO - knowledge worker kw1 start
2025-08-28 07:16:49,816 - Knowledge - INFO - Knowledge creation complete
2025-08-28 07:16:49,818 - Knowledge - INFO - Updating org costs, total cost: 0
2025-08-28 07:16:49,822 - Knowledge - INFO - Saving knowledge to Redis...
2025-08-28 07:16:49,860 - Knowledge - INFO - Knowledge saved to Redis successfully
